2025-06-02T08:19:17.161+02:00  INFO 7232 --- [backend] [restartedMain] com.starter.backend.BackendApplication   : Starting BackendApplication using Java 21.0.7 with PID 7232 (/Users/0xjonaseb11/Documents/ACADEMICS/JAVA/SPRING-TASK/backend/target/classes started by 0xjonaseb11 in /Users/0xjonaseb11/Documents/ACADEMICS/JAVA/SPRING-TASK)
2025-06-02T08:19:17.163+02:00  INFO 7232 --- [backend] [restartedMain] com.starter.backend.BackendApplication   : The following 1 profile is active: "dev"
2025-06-02T08:19:17.184+02:00  INFO 7232 --- [backend] [restartedMain] .e.DevToolsPropertyDefaultsPostProcessor : Devtools property defaults active! Set 'spring.devtools.add-properties' to 'false' to disable
2025-06-02T08:19:17.184+02:00  INFO 7232 --- [backend] [restartedMain] .e.DevToolsPropertyDefaultsPostProcessor : For additional web related logging consider setting the 'logging.level.web' property to 'DEBUG'
2025-06-02T08:19:17.787+02:00  INFO 7232 --- [backend] [restartedMain] .s.d.r.c.RepositoryConfigurationDelegate : Bootstrapping Spring Data JPA repositories in DEFAULT mode.
2025-06-02T08:19:17.816+02:00  INFO 7232 --- [backend] [restartedMain] .s.d.r.c.RepositoryConfigurationDelegate : Finished Spring Data repository scanning in 24 ms. Found 5 JPA repository interfaces.
2025-06-02T08:19:18.293+02:00  INFO 7232 --- [backend] [restartedMain] o.s.b.w.embedded.tomcat.TomcatWebServer  : Tomcat initialized with port 8081 (http)
2025-06-02T08:19:18.299+02:00  INFO 7232 --- [backend] [restartedMain] o.apache.catalina.core.StandardService   : Starting service [Tomcat]
2025-06-02T08:19:18.299+02:00  INFO 7232 --- [backend] [restartedMain] o.apache.catalina.core.StandardEngine    : Starting Servlet engine: [Apache Tomcat/10.1.36]
2025-06-02T08:19:18.317+02:00  INFO 7232 --- [backend] [restartedMain] o.a.c.c.C.[Tomcat].[localhost].[/]       : Initializing Spring embedded WebApplicationContext
2025-06-02T08:19:18.317+02:00  INFO 7232 --- [backend] [restartedMain] w.s.c.ServletWebServerApplicationContext : Root WebApplicationContext: initialization completed in 1133 ms
2025-06-02T08:19:18.530+02:00  INFO 7232 --- [backend] [restartedMain] o.hibernate.jpa.internal.util.LogHelper  : HHH000204: Processing PersistenceUnitInfo [name: default]
2025-06-02T08:19:18.563+02:00  INFO 7232 --- [backend] [restartedMain] org.hibernate.Version                    : HHH000412: Hibernate ORM core version 6.6.8.Final
2025-06-02T08:19:18.579+02:00  INFO 7232 --- [backend] [restartedMain] o.h.c.internal.RegionFactoryInitiator    : HHH000026: Second-level cache disabled
2025-06-02T08:19:18.707+02:00  INFO 7232 --- [backend] [restartedMain] o.s.o.j.p.SpringPersistenceUnitInfo      : No LoadTimeWeaver setup: ignoring JPA class transformer
2025-06-02T08:19:18.720+02:00  INFO 7232 --- [backend] [restartedMain] com.zaxxer.hikari.HikariDataSource       : HikariPool-1 - Starting...
2025-06-02T08:19:18.777+02:00  INFO 7232 --- [backend] [restartedMain] com.zaxxer.hikari.pool.HikariPool        : HikariPool-1 - Added connection org.postgresql.jdbc.PgConnection@4ce410b4
2025-06-02T08:19:18.778+02:00  INFO 7232 --- [backend] [restartedMain] com.zaxxer.hikari.HikariDataSource       : HikariPool-1 - Start completed.
2025-06-02T08:19:18.799+02:00  WARN 7232 --- [backend] [restartedMain] org.hibernate.orm.deprecation            : HHH90000025: PostgreSQLDialect does not need to be specified explicitly using 'hibernate.dialect' (remove the property setting and it will be selected by default)
2025-06-02T08:19:18.808+02:00  INFO 7232 --- [backend] [restartedMain] org.hibernate.orm.connections.pooling    : HHH10001005: Database info:
	Database JDBC URL [Connecting through datasource 'HikariDataSource (HikariPool-1)']
	Database driver: undefined/unknown
	Database version: 15.13
	Autocommit mode: undefined/unknown
	Isolation level: undefined/unknown
	Minimum pool size: undefined/unknown
	Maximum pool size: undefined/unknown
2025-06-02T08:19:19.279+02:00  INFO 7232 --- [backend] [restartedMain] o.h.e.t.j.p.i.JtaPlatformInitiator       : HHH000489: No JTA platform available (set 'hibernate.transaction.jta.platform' to enable JTA platform integration)
2025-06-02T08:19:19.479+02:00  INFO 7232 --- [backend] [restartedMain] j.LocalContainerEntityManagerFactoryBean : Initialized JPA EntityManagerFactory for persistence unit 'default'
2025-06-02T08:19:19.861+02:00  INFO 7232 --- [backend] [restartedMain] eAuthenticationProviderManagerConfigurer : Global AuthenticationManager configured with AuthenticationProvider bean with name authenticationProvider
2025-06-02T08:19:19.862+02:00  WARN 7232 --- [backend] [restartedMain] r$InitializeUserDetailsManagerConfigurer : Global AuthenticationManager configured with an AuthenticationProvider bean. UserDetailsService beans will not be used by Spring Security for automatically configuring username/password login. Consider removing the AuthenticationProvider bean. Alternatively, consider using the UserDetailsService in a manually instantiated DaoAuthenticationProvider. If the current configuration is intentional, to turn off this warning, increase the logging level of 'org.springframework.security.config.annotation.authentication.configuration.InitializeUserDetailsBeanManagerConfigurer' to ERROR
2025-06-02T08:19:20.153+02:00  INFO 7232 --- [backend] [restartedMain] o.s.d.j.r.query.QueryEnhancerFactory     : Hibernate is in classpath; If applicable, HQL parser will be used.
2025-06-02T08:19:20.323+02:00  WARN 7232 --- [backend] [restartedMain] JpaBaseConfiguration$JpaWebConfiguration : spring.jpa.open-in-view is enabled by default. Therefore, database queries may be performed during view rendering. Explicitly configure spring.jpa.open-in-view to disable this warning
2025-06-02T08:19:20.772+02:00  INFO 7232 --- [backend] [restartedMain] o.s.b.a.e.web.EndpointLinksResolver      : Exposing 1 endpoint beneath base path '/actuator'
2025-06-02T08:19:21.532+02:00  INFO 7232 --- [backend] [restartedMain] o.s.b.d.a.OptionalLiveReloadServer       : LiveReload server is running on port 35729
2025-06-02T08:19:21.576+02:00  INFO 7232 --- [backend] [restartedMain] o.s.m.s.b.SimpleBrokerMessageHandler     : Starting...
2025-06-02T08:19:21.577+02:00  INFO 7232 --- [backend] [restartedMain] o.s.m.s.b.SimpleBrokerMessageHandler     : BrokerAvailabilityEvent[available=true, SimpleBrokerMessageHandler [org.springframework.messaging.simp.broker.DefaultSubscriptionRegistry@4f4a6f8c]]
2025-06-02T08:19:21.577+02:00  INFO 7232 --- [backend] [restartedMain] o.s.m.s.b.SimpleBrokerMessageHandler     : Started.
2025-06-02T08:19:21.590+02:00  INFO 7232 --- [backend] [restartedMain] o.s.b.w.embedded.tomcat.TomcatWebServer  : Tomcat started on port 8081 (http) with context path '/'
2025-06-02T08:19:21.603+02:00  INFO 7232 --- [backend] [restartedMain] com.starter.backend.BackendApplication   : Started BackendApplication in 4.628 seconds (process running for 5.178)
2025-06-02T08:19:21.911+02:00  INFO 7232 --- [backend] [RMI TCP Connection(1)-127.0.0.1] o.a.c.c.C.[Tomcat].[localhost].[/]       : Initializing Spring DispatcherServlet 'dispatcherServlet'
2025-06-02T08:19:21.911+02:00  INFO 7232 --- [backend] [RMI TCP Connection(1)-127.0.0.1] o.s.web.servlet.DispatcherServlet        : Initializing Servlet 'dispatcherServlet'
2025-06-02T08:19:21.914+02:00  INFO 7232 --- [backend] [RMI TCP Connection(1)-127.0.0.1] o.s.web.servlet.DispatcherServlet        : Completed initialization in 2 ms
2025-06-02T08:20:21.577+02:00  INFO 7232 --- [backend] [MessageBroker-1] o.s.w.s.c.WebSocketMessageBrokerStats    : WebSocketSession[0 current WS(0)-HttpStream(0)-HttpPoll(0), 0 total, 0 closed abnormally (0 connect failure, 0 send limit, 0 transport error)], stompSubProtocol[processed CONNECT(0)-CONNECTED(0)-DISCONNECT(0)], stompBrokerRelay[null], inboundChannel[pool size = 0, active threads = 0, queued tasks = 0, completed tasks = 0], outboundChannel[pool size = 0, active threads = 0, queued tasks = 0, completed tasks = 0], sockJsScheduler[pool size = 2, active threads = 1, queued tasks = 1, completed tasks = 0]
2025-06-02T08:20:39.821+02:00  INFO 7232 --- [backend] [http-nio-8081-exec-2] c.starter.backend.aspects.LoggingAspect  : Entering method: ResponseEntity com.starter.backend.controllers.AuthController.signup(SignupDto) with arguements : [com.starter.backend.dtos.SignupDto@5e806a3a]
2025-06-02T08:20:40.039+02:00  INFO 7232 --- [backend] [http-nio-8081-exec-2] c.starter.backend.aspects.LoggingAspect  : Exiting method: ResponseEntity com.starter.backend.controllers.AuthController.signup(SignupDto) with error : User Role not set
2025-06-02T08:20:40.042+02:00 ERROR 7232 --- [backend] [http-nio-8081-exec-2] o.a.c.c.C.[.[.[/].[dispatcherServlet]    : Servlet.service() for servlet [dispatcherServlet] in context with path [] threw exception [Request processing failed: com.starter.backend.exceptions.ApiRequestException: User Role not set] with root cause

com.starter.backend.exceptions.ApiRequestException: User Role not set
	at com.starter.backend.controllers.AuthController.lambda$0(AuthController.java:72) ~[classes/:na]
	at java.base/java.util.Optional.orElseThrow(Optional.java:403) ~[na:na]
	at com.starter.backend.controllers.AuthController.signup(AuthController.java:72) ~[classes/:na]
	at java.base/jdk.internal.reflect.DirectMethodHandleAccessor.invoke(DirectMethodHandleAccessor.java:103) ~[na:na]
	at java.base/java.lang.reflect.Method.invoke(Method.java:580) ~[na:na]
	at org.springframework.aop.support.AopUtils.invokeJoinpointUsingReflection(AopUtils.java:359) ~[spring-aop-6.2.5.jar:6.2.5]
	at org.springframework.aop.framework.ReflectiveMethodInvocation.invokeJoinpoint(ReflectiveMethodInvocation.java:196) ~[spring-aop-6.2.5.jar:6.2.5]
	at org.springframework.aop.framework.ReflectiveMethodInvocation.proceed(ReflectiveMethodInvocation.java:163) ~[spring-aop-6.2.5.jar:6.2.5]
	at org.springframework.aop.aspectj.AspectJAfterThrowingAdvice.invoke(AspectJAfterThrowingAdvice.java:64) ~[spring-aop-6.2.5.jar:6.2.5]
	at org.springframework.aop.framework.ReflectiveMethodInvocation.proceed(ReflectiveMethodInvocation.java:184) ~[spring-aop-6.2.5.jar:6.2.5]
	at org.springframework.aop.framework.adapter.AfterReturningAdviceInterceptor.invoke(AfterReturningAdviceInterceptor.java:57) ~[spring-aop-6.2.5.jar:6.2.5]
	at org.springframework.aop.framework.ReflectiveMethodInvocation.proceed(ReflectiveMethodInvocation.java:184) ~[spring-aop-6.2.5.jar:6.2.5]
	at org.springframework.aop.framework.adapter.MethodBeforeAdviceInterceptor.invoke(MethodBeforeAdviceInterceptor.java:58) ~[spring-aop-6.2.5.jar:6.2.5]
	at org.springframework.aop.framework.ReflectiveMethodInvocation.proceed(ReflectiveMethodInvocation.java:184) ~[spring-aop-6.2.5.jar:6.2.5]
	at org.springframework.aop.interceptor.ExposeInvocationInterceptor.invoke(ExposeInvocationInterceptor.java:97) ~[spring-aop-6.2.5.jar:6.2.5]
	at org.springframework.aop.framework.ReflectiveMethodInvocation.proceed(ReflectiveMethodInvocation.java:184) ~[spring-aop-6.2.5.jar:6.2.5]
	at org.springframework.aop.framework.CglibAopProxy$DynamicAdvisedInterceptor.intercept(CglibAopProxy.java:727) ~[spring-aop-6.2.5.jar:6.2.5]
	at com.starter.backend.controllers.AuthController$$SpringCGLIB$$0.signup(<generated>) ~[classes/:na]
	at java.base/jdk.internal.reflect.DirectMethodHandleAccessor.invoke(DirectMethodHandleAccessor.java:103) ~[na:na]
	at java.base/java.lang.reflect.Method.invoke(Method.java:580) ~[na:na]
	at org.springframework.web.method.support.InvocableHandlerMethod.doInvoke(InvocableHandlerMethod.java:258) ~[spring-web-6.2.5.jar:6.2.5]
	at org.springframework.web.method.support.InvocableHandlerMethod.invokeForRequest(InvocableHandlerMethod.java:191) ~[spring-web-6.2.5.jar:6.2.5]
	at org.springframework.web.servlet.mvc.method.annotation.ServletInvocableHandlerMethod.invokeAndHandle(ServletInvocableHandlerMethod.java:118) ~[spring-webmvc-6.2.5.jar:6.2.5]
	at org.springframework.web.servlet.mvc.method.annotation.RequestMappingHandlerAdapter.invokeHandlerMethod(RequestMappingHandlerAdapter.java:986) ~[spring-webmvc-6.2.5.jar:6.2.5]
	at org.springframework.web.servlet.mvc.method.annotation.RequestMappingHandlerAdapter.handleInternal(RequestMappingHandlerAdapter.java:891) ~[spring-webmvc-6.2.5.jar:6.2.5]
	at org.springframework.web.servlet.mvc.method.AbstractHandlerMethodAdapter.handle(AbstractHandlerMethodAdapter.java:87) ~[spring-webmvc-6.2.5.jar:6.2.5]
	at org.springframework.web.servlet.DispatcherServlet.doDispatch(DispatcherServlet.java:1089) ~[spring-webmvc-6.2.5.jar:6.2.5]
	at org.springframework.web.servlet.DispatcherServlet.doService(DispatcherServlet.java:979) ~[spring-webmvc-6.2.5.jar:6.2.5]
	at org.springframework.web.servlet.FrameworkServlet.processRequest(FrameworkServlet.java:1014) ~[spring-webmvc-6.2.5.jar:6.2.5]
	at org.springframework.web.servlet.FrameworkServlet.doPost(FrameworkServlet.java:914) ~[spring-webmvc-6.2.5.jar:6.2.5]
	at jakarta.servlet.http.HttpServlet.service(HttpServlet.java:590) ~[tomcat-embed-core-10.1.36.jar:6.0]
	at org.springframework.web.servlet.FrameworkServlet.service(FrameworkServlet.java:885) ~[spring-webmvc-6.2.5.jar:6.2.5]
	at jakarta.servlet.http.HttpServlet.service(HttpServlet.java:658) ~[tomcat-embed-core-10.1.36.jar:6.0]
	at org.apache.catalina.core.ApplicationFilterChain.internalDoFilter(ApplicationFilterChain.java:195) ~[tomcat-embed-core-10.1.36.jar:10.1.36]
	at org.apache.catalina.core.ApplicationFilterChain.doFilter(ApplicationFilterChain.java:140) ~[tomcat-embed-core-10.1.36.jar:10.1.36]
	at org.apache.tomcat.websocket.server.WsFilter.doFilter(WsFilter.java:51) ~[tomcat-embed-websocket-10.1.36.jar:10.1.36]
	at org.apache.catalina.core.ApplicationFilterChain.internalDoFilter(ApplicationFilterChain.java:164) ~[tomcat-embed-core-10.1.36.jar:10.1.36]
	at org.apache.catalina.core.ApplicationFilterChain.doFilter(ApplicationFilterChain.java:140) ~[tomcat-embed-core-10.1.36.jar:10.1.36]
	at org.springframework.web.filter.OncePerRequestFilter.doFilter(OncePerRequestFilter.java:110) ~[spring-web-6.2.5.jar:6.2.5]
	at org.apache.catalina.core.ApplicationFilterChain.internalDoFilter(ApplicationFilterChain.java:164) ~[tomcat-embed-core-10.1.36.jar:10.1.36]
	at org.apache.catalina.core.ApplicationFilterChain.doFilter(ApplicationFilterChain.java:140) ~[tomcat-embed-core-10.1.36.jar:10.1.36]
	at com.starter.backend.security.JwtAuthFilter.doFilterInternal(JwtAuthFilter.java:54) ~[classes/:na]
	at org.springframework.web.filter.OncePerRequestFilter.doFilter(OncePerRequestFilter.java:116) ~[spring-web-6.2.5.jar:6.2.5]
	at org.apache.catalina.core.ApplicationFilterChain.internalDoFilter(ApplicationFilterChain.java:164) ~[tomcat-embed-core-10.1.36.jar:10.1.36]
	at org.apache.catalina.core.ApplicationFilterChain.doFilter(ApplicationFilterChain.java:140) ~[tomcat-embed-core-10.1.36.jar:10.1.36]
	at org.springframework.web.filter.CompositeFilter$VirtualFilterChain.doFilter(CompositeFilter.java:108) ~[spring-web-6.2.5.jar:6.2.5]
	at org.springframework.security.web.FilterChainProxy.lambda$doFilterInternal$3(FilterChainProxy.java:231) ~[spring-security-web-6.4.4.jar:6.4.4]
	at org.springframework.security.web.ObservationFilterChainDecorator$FilterObservation$SimpleFilterObservation.lambda$wrap$1(ObservationFilterChainDecorator.java:479) ~[spring-security-web-6.4.4.jar:6.4.4]
	at org.springframework.security.web.ObservationFilterChainDecorator$AroundFilterObservation$SimpleAroundFilterObservation.lambda$wrap$1(ObservationFilterChainDecorator.java:340) ~[spring-security-web-6.4.4.jar:6.4.4]
	at org.springframework.security.web.ObservationFilterChainDecorator.lambda$wrapSecured$0(ObservationFilterChainDecorator.java:82) ~[spring-security-web-6.4.4.jar:6.4.4]
	at org.springframework.security.web.ObservationFilterChainDecorator$VirtualFilterChain.doFilter(ObservationFilterChainDecorator.java:128) ~[spring-security-web-6.4.4.jar:6.4.4]
	at org.springframework.security.web.access.intercept.AuthorizationFilter.doFilter(AuthorizationFilter.java:101) ~[spring-security-web-6.4.4.jar:6.4.4]
	at org.springframework.security.web.ObservationFilterChainDecorator$ObservationFilter.wrapFilter(ObservationFilterChainDecorator.java:240) ~[spring-security-web-6.4.4.jar:6.4.4]
	at org.springframework.security.web.ObservationFilterChainDecorator$ObservationFilter.doFilter(ObservationFilterChainDecorator.java:227) ~[spring-security-web-6.4.4.jar:6.4.4]
	at org.springframework.security.web.ObservationFilterChainDecorator$VirtualFilterChain.doFilter(ObservationFilterChainDecorator.java:137) ~[spring-security-web-6.4.4.jar:6.4.4]
	at org.springframework.security.web.access.ExceptionTranslationFilter.doFilter(ExceptionTranslationFilter.java:126) ~[spring-security-web-6.4.4.jar:6.4.4]
	at org.springframework.security.web.access.ExceptionTranslationFilter.doFilter(ExceptionTranslationFilter.java:120) ~[spring-security-web-6.4.4.jar:6.4.4]
	at org.springframework.security.web.ObservationFilterChainDecorator$ObservationFilter.wrapFilter(ObservationFilterChainDecorator.java:240) ~[spring-security-web-6.4.4.jar:6.4.4]
	at org.springframework.security.web.ObservationFilterChainDecorator$ObservationFilter.doFilter(ObservationFilterChainDecorator.java:227) ~[spring-security-web-6.4.4.jar:6.4.4]
	at org.springframework.security.web.ObservationFilterChainDecorator$VirtualFilterChain.doFilter(ObservationFilterChainDecorator.java:137) ~[spring-security-web-6.4.4.jar:6.4.4]
	at org.springframework.security.web.session.SessionManagementFilter.doFilter(SessionManagementFilter.java:131) ~[spring-security-web-6.4.4.jar:6.4.4]
	at org.springframework.security.web.session.SessionManagementFilter.doFilter(SessionManagementFilter.java:85) ~[spring-security-web-6.4.4.jar:6.4.4]
	at org.springframework.security.web.ObservationFilterChainDecorator$ObservationFilter.wrapFilter(ObservationFilterChainDecorator.java:240) ~[spring-security-web-6.4.4.jar:6.4.4]
	at org.springframework.security.web.ObservationFilterChainDecorator$ObservationFilter.doFilter(ObservationFilterChainDecorator.java:227) ~[spring-security-web-6.4.4.jar:6.4.4]
	at org.springframework.security.web.ObservationFilterChainDecorator$VirtualFilterChain.doFilter(ObservationFilterChainDecorator.java:137) ~[spring-security-web-6.4.4.jar:6.4.4]
	at org.springframework.security.web.authentication.AnonymousAuthenticationFilter.doFilter(AnonymousAuthenticationFilter.java:100) ~[spring-security-web-6.4.4.jar:6.4.4]
	at org.springframework.security.web.ObservationFilterChainDecorator$ObservationFilter.wrapFilter(ObservationFilterChainDecorator.java:240) ~[spring-security-web-6.4.4.jar:6.4.4]
	at org.springframework.security.web.ObservationFilterChainDecorator$ObservationFilter.doFilter(ObservationFilterChainDecorator.java:227) ~[spring-security-web-6.4.4.jar:6.4.4]
	at org.springframework.security.web.ObservationFilterChainDecorator$VirtualFilterChain.doFilter(ObservationFilterChainDecorator.java:137) ~[spring-security-web-6.4.4.jar:6.4.4]
	at org.springframework.security.web.servletapi.SecurityContextHolderAwareRequestFilter.doFilter(SecurityContextHolderAwareRequestFilter.java:179) ~[spring-security-web-6.4.4.jar:6.4.4]
	at org.springframework.security.web.ObservationFilterChainDecorator$ObservationFilter.wrapFilter(ObservationFilterChainDecorator.java:240) ~[spring-security-web-6.4.4.jar:6.4.4]
	at org.springframework.security.web.ObservationFilterChainDecorator$ObservationFilter.doFilter(ObservationFilterChainDecorator.java:227) ~[spring-security-web-6.4.4.jar:6.4.4]
	at org.springframework.security.web.ObservationFilterChainDecorator$VirtualFilterChain.doFilter(ObservationFilterChainDecorator.java:137) ~[spring-security-web-6.4.4.jar:6.4.4]
	at org.springframework.security.web.savedrequest.RequestCacheAwareFilter.doFilter(RequestCacheAwareFilter.java:63) ~[spring-security-web-6.4.4.jar:6.4.4]
	at org.springframework.security.web.ObservationFilterChainDecorator$ObservationFilter.wrapFilter(ObservationFilterChainDecorator.java:240) ~[spring-security-web-6.4.4.jar:6.4.4]
	at org.springframework.security.web.ObservationFilterChainDecorator$ObservationFilter.doFilter(ObservationFilterChainDecorator.java:227) ~[spring-security-web-6.4.4.jar:6.4.4]
	at org.springframework.security.web.ObservationFilterChainDecorator$VirtualFilterChain.doFilter(ObservationFilterChainDecorator.java:137) ~[spring-security-web-6.4.4.jar:6.4.4]
	at com.starter.backend.security.JwtAuthFilter.doFilterInternal(JwtAuthFilter.java:54) ~[classes/:na]
	at org.springframework.web.filter.OncePerRequestFilter.doFilter(OncePerRequestFilter.java:116) ~[spring-web-6.2.5.jar:6.2.5]
	at org.springframework.security.web.ObservationFilterChainDecorator$ObservationFilter.wrapFilter(ObservationFilterChainDecorator.java:240) ~[spring-security-web-6.4.4.jar:6.4.4]
	at org.springframework.security.web.ObservationFilterChainDecorator$ObservationFilter.doFilter(ObservationFilterChainDecorator.java:227) ~[spring-security-web-6.4.4.jar:6.4.4]
	at org.springframework.security.web.ObservationFilterChainDecorator$VirtualFilterChain.doFilter(ObservationFilterChainDecorator.java:137) ~[spring-security-web-6.4.4.jar:6.4.4]
	at org.springframework.security.web.authentication.logout.LogoutFilter.doFilter(LogoutFilter.java:107) ~[spring-security-web-6.4.4.jar:6.4.4]
	at org.springframework.security.web.authentication.logout.LogoutFilter.doFilter(LogoutFilter.java:93) ~[spring-security-web-6.4.4.jar:6.4.4]
	at org.springframework.security.web.ObservationFilterChainDecorator$ObservationFilter.wrapFilter(ObservationFilterChainDecorator.java:240) ~[spring-security-web-6.4.4.jar:6.4.4]
	at org.springframework.security.web.ObservationFilterChainDecorator$ObservationFilter.doFilter(ObservationFilterChainDecorator.java:227) ~[spring-security-web-6.4.4.jar:6.4.4]
	at org.springframework.security.web.ObservationFilterChainDecorator$VirtualFilterChain.doFilter(ObservationFilterChainDecorator.java:137) ~[spring-security-web-6.4.4.jar:6.4.4]
	at org.springframework.web.filter.CorsFilter.doFilterInternal(CorsFilter.java:91) ~[spring-web-6.2.5.jar:6.2.5]
	at org.springframework.web.filter.OncePerRequestFilter.doFilter(OncePerRequestFilter.java:116) ~[spring-web-6.2.5.jar:6.2.5]
	at org.springframework.security.web.ObservationFilterChainDecorator$ObservationFilter.wrapFilter(ObservationFilterChainDecorator.java:240) ~[spring-security-web-6.4.4.jar:6.4.4]
	at org.springframework.security.web.ObservationFilterChainDecorator$ObservationFilter.doFilter(ObservationFilterChainDecorator.java:227) ~[spring-security-web-6.4.4.jar:6.4.4]
	at org.springframework.security.web.ObservationFilterChainDecorator$VirtualFilterChain.doFilter(ObservationFilterChainDecorator.java:137) ~[spring-security-web-6.4.4.jar:6.4.4]
	at org.springframework.security.web.header.HeaderWriterFilter.doHeadersAfter(HeaderWriterFilter.java:90) ~[spring-security-web-6.4.4.jar:6.4.4]
	at org.springframework.security.web.header.HeaderWriterFilter.doFilterInternal(HeaderWriterFilter.java:75) ~[spring-security-web-6.4.4.jar:6.4.4]
	at org.springframework.web.filter.OncePerRequestFilter.doFilter(OncePerRequestFilter.java:116) ~[spring-web-6.2.5.jar:6.2.5]
	at org.springframework.security.web.ObservationFilterChainDecorator$ObservationFilter.wrapFilter(ObservationFilterChainDecorator.java:240) ~[spring-security-web-6.4.4.jar:6.4.4]
	at org.springframework.security.web.ObservationFilterChainDecorator$ObservationFilter.doFilter(ObservationFilterChainDecorator.java:227) ~[spring-security-web-6.4.4.jar:6.4.4]
	at org.springframework.security.web.ObservationFilterChainDecorator$VirtualFilterChain.doFilter(ObservationFilterChainDecorator.java:137) ~[spring-security-web-6.4.4.jar:6.4.4]
	at org.springframework.security.web.context.SecurityContextHolderFilter.doFilter(SecurityContextHolderFilter.java:82) ~[spring-security-web-6.4.4.jar:6.4.4]
	at org.springframework.security.web.context.SecurityContextHolderFilter.doFilter(SecurityContextHolderFilter.java:69) ~[spring-security-web-6.4.4.jar:6.4.4]
	at org.springframework.security.web.ObservationFilterChainDecorator$ObservationFilter.wrapFilter(ObservationFilterChainDecorator.java:240) ~[spring-security-web-6.4.4.jar:6.4.4]
	at org.springframework.security.web.ObservationFilterChainDecorator$ObservationFilter.doFilter(ObservationFilterChainDecorator.java:227) ~[spring-security-web-6.4.4.jar:6.4.4]
	at org.springframework.security.web.ObservationFilterChainDecorator$VirtualFilterChain.doFilter(ObservationFilterChainDecorator.java:137) ~[spring-security-web-6.4.4.jar:6.4.4]
	at org.springframework.security.web.context.request.async.WebAsyncManagerIntegrationFilter.doFilterInternal(WebAsyncManagerIntegrationFilter.java:62) ~[spring-security-web-6.4.4.jar:6.4.4]
	at org.springframework.web.filter.OncePerRequestFilter.doFilter(OncePerRequestFilter.java:116) ~[spring-web-6.2.5.jar:6.2.5]
	at org.springframework.security.web.ObservationFilterChainDecorator$ObservationFilter.wrapFilter(ObservationFilterChainDecorator.java:240) ~[spring-security-web-6.4.4.jar:6.4.4]
	at org.springframework.security.web.ObservationFilterChainDecorator$ObservationFilter.doFilter(ObservationFilterChainDecorator.java:227) ~[spring-security-web-6.4.4.jar:6.4.4]
	at org.springframework.security.web.ObservationFilterChainDecorator$VirtualFilterChain.doFilter(ObservationFilterChainDecorator.java:137) ~[spring-security-web-6.4.4.jar:6.4.4]
	at org.springframework.security.web.session.DisableEncodeUrlFilter.doFilterInternal(DisableEncodeUrlFilter.java:42) ~[spring-security-web-6.4.4.jar:6.4.4]
	at org.springframework.web.filter.OncePerRequestFilter.doFilter(OncePerRequestFilter.java:116) ~[spring-web-6.2.5.jar:6.2.5]
	at org.springframework.security.web.ObservationFilterChainDecorator$ObservationFilter.wrapFilter(ObservationFilterChainDecorator.java:240) ~[spring-security-web-6.4.4.jar:6.4.4]
	at org.springframework.security.web.ObservationFilterChainDecorator$AroundFilterObservation$SimpleAroundFilterObservation.lambda$wrap$0(ObservationFilterChainDecorator.java:323) ~[spring-security-web-6.4.4.jar:6.4.4]
	at org.springframework.security.web.ObservationFilterChainDecorator$ObservationFilter.doFilter(ObservationFilterChainDecorator.java:224) ~[spring-security-web-6.4.4.jar:6.4.4]
	at org.springframework.security.web.ObservationFilterChainDecorator$VirtualFilterChain.doFilter(ObservationFilterChainDecorator.java:137) ~[spring-security-web-6.4.4.jar:6.4.4]
	at org.springframework.security.web.FilterChainProxy.doFilterInternal(FilterChainProxy.java:233) ~[spring-security-web-6.4.4.jar:6.4.4]
	at org.springframework.security.web.FilterChainProxy.doFilter(FilterChainProxy.java:191) ~[spring-security-web-6.4.4.jar:6.4.4]
	at org.springframework.web.filter.CompositeFilter$VirtualFilterChain.doFilter(CompositeFilter.java:113) ~[spring-web-6.2.5.jar:6.2.5]
	at org.springframework.web.servlet.handler.HandlerMappingIntrospector.lambda$createCacheFilter$3(HandlerMappingIntrospector.java:243) ~[spring-webmvc-6.2.5.jar:6.2.5]
	at org.springframework.web.filter.CompositeFilter$VirtualFilterChain.doFilter(CompositeFilter.java:113) ~[spring-web-6.2.5.jar:6.2.5]
	at org.springframework.web.filter.CompositeFilter.doFilter(CompositeFilter.java:74) ~[spring-web-6.2.5.jar:6.2.5]
	at org.springframework.security.config.annotation.web.configuration.WebMvcSecurityConfiguration$CompositeFilterChainProxy.doFilter(WebMvcSecurityConfiguration.java:238) ~[spring-security-config-6.4.4.jar:6.4.4]
	at org.springframework.web.filter.DelegatingFilterProxy.invokeDelegate(DelegatingFilterProxy.java:362) ~[spring-web-6.2.5.jar:6.2.5]
	at org.springframework.web.filter.DelegatingFilterProxy.doFilter(DelegatingFilterProxy.java:278) ~[spring-web-6.2.5.jar:6.2.5]
	at org.apache.catalina.core.ApplicationFilterChain.internalDoFilter(ApplicationFilterChain.java:164) ~[tomcat-embed-core-10.1.36.jar:10.1.36]
	at org.apache.catalina.core.ApplicationFilterChain.doFilter(ApplicationFilterChain.java:140) ~[tomcat-embed-core-10.1.36.jar:10.1.36]
	at org.springframework.web.filter.RequestContextFilter.doFilterInternal(RequestContextFilter.java:100) ~[spring-web-6.2.5.jar:6.2.5]
	at org.springframework.web.filter.OncePerRequestFilter.doFilter(OncePerRequestFilter.java:116) ~[spring-web-6.2.5.jar:6.2.5]
	at org.apache.catalina.core.ApplicationFilterChain.internalDoFilter(ApplicationFilterChain.java:164) ~[tomcat-embed-core-10.1.36.jar:10.1.36]
	at org.apache.catalina.core.ApplicationFilterChain.doFilter(ApplicationFilterChain.java:140) ~[tomcat-embed-core-10.1.36.jar:10.1.36]
	at org.springframework.web.filter.FormContentFilter.doFilterInternal(FormContentFilter.java:93) ~[spring-web-6.2.5.jar:6.2.5]
	at org.springframework.web.filter.OncePerRequestFilter.doFilter(OncePerRequestFilter.java:116) ~[spring-web-6.2.5.jar:6.2.5]
	at org.apache.catalina.core.ApplicationFilterChain.internalDoFilter(ApplicationFilterChain.java:164) ~[tomcat-embed-core-10.1.36.jar:10.1.36]
	at org.apache.catalina.core.ApplicationFilterChain.doFilter(ApplicationFilterChain.java:140) ~[tomcat-embed-core-10.1.36.jar:10.1.36]
	at org.springframework.web.filter.ServerHttpObservationFilter.doFilterInternal(ServerHttpObservationFilter.java:114) ~[spring-web-6.2.5.jar:6.2.5]
	at org.springframework.web.filter.OncePerRequestFilter.doFilter(OncePerRequestFilter.java:116) ~[spring-web-6.2.5.jar:6.2.5]
	at org.apache.catalina.core.ApplicationFilterChain.internalDoFilter(ApplicationFilterChain.java:164) ~[tomcat-embed-core-10.1.36.jar:10.1.36]
	at org.apache.catalina.core.ApplicationFilterChain.doFilter(ApplicationFilterChain.java:140) ~[tomcat-embed-core-10.1.36.jar:10.1.36]
	at org.springframework.web.filter.CharacterEncodingFilter.doFilterInternal(CharacterEncodingFilter.java:201) ~[spring-web-6.2.5.jar:6.2.5]
	at org.springframework.web.filter.OncePerRequestFilter.doFilter(OncePerRequestFilter.java:116) ~[spring-web-6.2.5.jar:6.2.5]
	at org.apache.catalina.core.ApplicationFilterChain.internalDoFilter(ApplicationFilterChain.java:164) ~[tomcat-embed-core-10.1.36.jar:10.1.36]
	at org.apache.catalina.core.ApplicationFilterChain.doFilter(ApplicationFilterChain.java:140) ~[tomcat-embed-core-10.1.36.jar:10.1.36]
	at org.apache.catalina.core.StandardWrapperValve.invoke(StandardWrapperValve.java:167) ~[tomcat-embed-core-10.1.36.jar:10.1.36]
	at org.apache.catalina.core.StandardContextValve.invoke(StandardContextValve.java:90) ~[tomcat-embed-core-10.1.36.jar:10.1.36]
	at org.apache.catalina.authenticator.AuthenticatorBase.invoke(AuthenticatorBase.java:483) ~[tomcat-embed-core-10.1.36.jar:10.1.36]
	at org.apache.catalina.core.StandardHostValve.invoke(StandardHostValve.java:115) ~[tomcat-embed-core-10.1.36.jar:10.1.36]
	at org.apache.catalina.valves.ErrorReportValve.invoke(ErrorReportValve.java:93) ~[tomcat-embed-core-10.1.36.jar:10.1.36]
	at org.apache.catalina.core.StandardEngineValve.invoke(StandardEngineValve.java:74) ~[tomcat-embed-core-10.1.36.jar:10.1.36]
	at org.apache.catalina.connector.CoyoteAdapter.service(CoyoteAdapter.java:344) ~[tomcat-embed-core-10.1.36.jar:10.1.36]
	at org.apache.coyote.http11.Http11Processor.service(Http11Processor.java:397) ~[tomcat-embed-core-10.1.36.jar:10.1.36]
	at org.apache.coyote.AbstractProcessorLight.process(AbstractProcessorLight.java:63) ~[tomcat-embed-core-10.1.36.jar:10.1.36]
	at org.apache.coyote.AbstractProtocol$ConnectionHandler.process(AbstractProtocol.java:905) ~[tomcat-embed-core-10.1.36.jar:10.1.36]
	at org.apache.tomcat.util.net.NioEndpoint$SocketProcessor.doRun(NioEndpoint.java:1743) ~[tomcat-embed-core-10.1.36.jar:10.1.36]
	at org.apache.tomcat.util.net.SocketProcessorBase.run(SocketProcessorBase.java:52) ~[tomcat-embed-core-10.1.36.jar:10.1.36]
	at org.apache.tomcat.util.threads.ThreadPoolExecutor.runWorker(ThreadPoolExecutor.java:1190) ~[tomcat-embed-core-10.1.36.jar:10.1.36]
	at org.apache.tomcat.util.threads.ThreadPoolExecutor$Worker.run(ThreadPoolExecutor.java:659) ~[tomcat-embed-core-10.1.36.jar:10.1.36]
	at org.apache.tomcat.util.threads.TaskThread$WrappingRunnable.run(TaskThread.java:63) ~[tomcat-embed-core-10.1.36.jar:10.1.36]
	at java.base/java.lang.Thread.run(Thread.java:1583) ~[na:na]

2025-06-02T08:20:40.052+02:00 ERROR 7232 --- [backend] [http-nio-8081-exec-2] c.s.backend.security.JwtAuthEntryPoint   : responding with unauthorized error.message - Full authentication is required to access this resource
2025-06-02T08:26:29.594+02:00  WARN 7232 --- [backend] [HikariPool-1 housekeeper] com.zaxxer.hikari.pool.HikariPool        : HikariPool-1 - Thread starvation or clock leap detected (housekeeper delta=2m40s675ms).
2025-06-02T08:34:39.224+02:00  WARN 7232 --- [backend] [HikariPool-1 housekeeper] com.zaxxer.hikari.pool.HikariPool        : HikariPool-1 - Thread starvation or clock leap detected (housekeeper delta=4m9s610ms).
2025-06-02T08:36:05.128+02:00  WARN 7232 --- [backend] [http-nio-8081-exec-4] .w.s.m.s.DefaultHandlerExceptionResolver : Resolved [org.springframework.web.HttpRequestMethodNotSupportedException: Request method 'GET' is not supported]
2025-06-02T08:36:05.135+02:00 ERROR 7232 --- [backend] [http-nio-8081-exec-4] c.s.backend.security.JwtAuthEntryPoint   : responding with unauthorized error.message - Full authentication is required to access this resource
2025-06-02T08:36:09.365+02:00  WARN 7232 --- [backend] [http-nio-8081-exec-7] .w.s.m.s.DefaultHandlerExceptionResolver : Resolved [org.springframework.web.HttpRequestMethodNotSupportedException: Request method 'GET' is not supported]
2025-06-02T08:36:09.369+02:00 ERROR 7232 --- [backend] [http-nio-8081-exec-7] c.s.backend.security.JwtAuthEntryPoint   : responding with unauthorized error.message - Full authentication is required to access this resource
2025-06-02T08:36:10.075+02:00  WARN 7232 --- [backend] [http-nio-8081-exec-8] .w.s.m.s.DefaultHandlerExceptionResolver : Resolved [org.springframework.web.HttpRequestMethodNotSupportedException: Request method 'GET' is not supported]
2025-06-02T08:36:10.082+02:00 ERROR 7232 --- [backend] [http-nio-8081-exec-8] c.s.backend.security.JwtAuthEntryPoint   : responding with unauthorized error.message - Full authentication is required to access this resource
2025-06-02T08:36:10.385+02:00  WARN 7232 --- [backend] [http-nio-8081-exec-9] .w.s.m.s.DefaultHandlerExceptionResolver : Resolved [org.springframework.web.HttpRequestMethodNotSupportedException: Request method 'GET' is not supported]
2025-06-02T08:36:10.388+02:00 ERROR 7232 --- [backend] [http-nio-8081-exec-9] c.s.backend.security.JwtAuthEntryPoint   : responding with unauthorized error.message - Full authentication is required to access this resource
2025-06-02T08:36:10.622+02:00  WARN 7232 --- [backend] [http-nio-8081-exec-10] .w.s.m.s.DefaultHandlerExceptionResolver : Resolved [org.springframework.web.HttpRequestMethodNotSupportedException: Request method 'GET' is not supported]
2025-06-02T08:36:10.626+02:00 ERROR 7232 --- [backend] [http-nio-8081-exec-10] c.s.backend.security.JwtAuthEntryPoint   : responding with unauthorized error.message - Full authentication is required to access this resource
2025-06-02T08:36:10.976+02:00  WARN 7232 --- [backend] [http-nio-8081-exec-1] .w.s.m.s.DefaultHandlerExceptionResolver : Resolved [org.springframework.web.HttpRequestMethodNotSupportedException: Request method 'GET' is not supported]
2025-06-02T08:36:10.983+02:00 ERROR 7232 --- [backend] [http-nio-8081-exec-1] c.s.backend.security.JwtAuthEntryPoint   : responding with unauthorized error.message - Full authentication is required to access this resource
2025-06-02T08:36:11.204+02:00  WARN 7232 --- [backend] [http-nio-8081-exec-2] .w.s.m.s.DefaultHandlerExceptionResolver : Resolved [org.springframework.web.HttpRequestMethodNotSupportedException: Request method 'GET' is not supported]
2025-06-02T08:36:11.207+02:00 ERROR 7232 --- [backend] [http-nio-8081-exec-2] c.s.backend.security.JwtAuthEntryPoint   : responding with unauthorized error.message - Full authentication is required to access this resource
2025-06-02T08:36:31.558+02:00  WARN 7232 --- [backend] [http-nio-8081-exec-6] .w.s.m.s.DefaultHandlerExceptionResolver : Resolved [org.springframework.web.HttpRequestMethodNotSupportedException: Request method 'GET' is not supported]
2025-06-02T08:36:31.560+02:00 ERROR 7232 --- [backend] [http-nio-8081-exec-6] c.s.backend.security.JwtAuthEntryPoint   : responding with unauthorized error.message - Full authentication is required to access this resource
2025-06-02T08:36:31.979+02:00  WARN 7232 --- [backend] [http-nio-8081-exec-5] .w.s.m.s.DefaultHandlerExceptionResolver : Resolved [org.springframework.web.HttpRequestMethodNotSupportedException: Request method 'GET' is not supported]
2025-06-02T08:36:31.980+02:00 ERROR 7232 --- [backend] [http-nio-8081-exec-5] c.s.backend.security.JwtAuthEntryPoint   : responding with unauthorized error.message - Full authentication is required to access this resource
2025-06-02T08:36:32.116+02:00  WARN 7232 --- [backend] [http-nio-8081-exec-7] .w.s.m.s.DefaultHandlerExceptionResolver : Resolved [org.springframework.web.HttpRequestMethodNotSupportedException: Request method 'GET' is not supported]
2025-06-02T08:36:32.120+02:00 ERROR 7232 --- [backend] [http-nio-8081-exec-7] c.s.backend.security.JwtAuthEntryPoint   : responding with unauthorized error.message - Full authentication is required to access this resource
2025-06-02T08:36:32.248+02:00  WARN 7232 --- [backend] [http-nio-8081-exec-8] .w.s.m.s.DefaultHandlerExceptionResolver : Resolved [org.springframework.web.HttpRequestMethodNotSupportedException: Request method 'GET' is not supported]
2025-06-02T08:36:32.249+02:00 ERROR 7232 --- [backend] [http-nio-8081-exec-8] c.s.backend.security.JwtAuthEntryPoint   : responding with unauthorized error.message - Full authentication is required to access this resource
2025-06-02T08:36:32.373+02:00  WARN 7232 --- [backend] [http-nio-8081-exec-9] .w.s.m.s.DefaultHandlerExceptionResolver : Resolved [org.springframework.web.HttpRequestMethodNotSupportedException: Request method 'GET' is not supported]
2025-06-02T08:36:32.383+02:00 ERROR 7232 --- [backend] [http-nio-8081-exec-9] c.s.backend.security.JwtAuthEntryPoint   : responding with unauthorized error.message - Full authentication is required to access this resource
2025-06-02T08:36:32.514+02:00  WARN 7232 --- [backend] [http-nio-8081-exec-10] .w.s.m.s.DefaultHandlerExceptionResolver : Resolved [org.springframework.web.HttpRequestMethodNotSupportedException: Request method 'GET' is not supported]
2025-06-02T08:36:32.520+02:00 ERROR 7232 --- [backend] [http-nio-8081-exec-10] c.s.backend.security.JwtAuthEntryPoint   : responding with unauthorized error.message - Full authentication is required to access this resource
2025-06-02T08:36:45.241+02:00 ERROR 7232 --- [backend] [http-nio-8081-exec-4] c.s.backend.security.JwtAuthEntryPoint   : responding with unauthorized error.message - Full authentication is required to access this resource
2025-06-02T08:36:45.246+02:00 ERROR 7232 --- [backend] [http-nio-8081-exec-4] c.s.backend.security.JwtAuthEntryPoint   : responding with unauthorized error.message - Full authentication is required to access this resource
2025-06-02T08:36:46.938+02:00 ERROR 7232 --- [backend] [http-nio-8081-exec-3] c.s.backend.security.JwtAuthEntryPoint   : responding with unauthorized error.message - Full authentication is required to access this resource
2025-06-02T08:36:46.941+02:00 ERROR 7232 --- [backend] [http-nio-8081-exec-3] c.s.backend.security.JwtAuthEntryPoint   : responding with unauthorized error.message - Full authentication is required to access this resource
2025-06-02T08:36:47.186+02:00 ERROR 7232 --- [backend] [http-nio-8081-exec-6] c.s.backend.security.JwtAuthEntryPoint   : responding with unauthorized error.message - Full authentication is required to access this resource
2025-06-02T08:36:47.188+02:00 ERROR 7232 --- [backend] [http-nio-8081-exec-6] c.s.backend.security.JwtAuthEntryPoint   : responding with unauthorized error.message - Full authentication is required to access this resource
2025-06-02T08:36:47.448+02:00 ERROR 7232 --- [backend] [http-nio-8081-exec-5] c.s.backend.security.JwtAuthEntryPoint   : responding with unauthorized error.message - Full authentication is required to access this resource
2025-06-02T08:36:47.451+02:00 ERROR 7232 --- [backend] [http-nio-8081-exec-5] c.s.backend.security.JwtAuthEntryPoint   : responding with unauthorized error.message - Full authentication is required to access this resource
2025-06-02T08:36:47.704+02:00 ERROR 7232 --- [backend] [http-nio-8081-exec-7] c.s.backend.security.JwtAuthEntryPoint   : responding with unauthorized error.message - Full authentication is required to access this resource
2025-06-02T08:36:47.706+02:00 ERROR 7232 --- [backend] [http-nio-8081-exec-7] c.s.backend.security.JwtAuthEntryPoint   : responding with unauthorized error.message - Full authentication is required to access this resource
2025-06-02T08:37:37.518+02:00  INFO 7232 --- [backend] [http-nio-8081-exec-2] c.starter.backend.aspects.LoggingAspect  : Entering method: ResponseEntity com.starter.backend.controllers.AuthController.signup(SignupDto) with arguements : [com.starter.backend.dtos.SignupDto@754ba15e]
2025-06-02T08:37:37.825+02:00  INFO 7232 --- [backend] [http-nio-8081-exec-2] c.starter.backend.aspects.LoggingAspect  : Exiting method: ResponseEntity com.starter.backend.controllers.AuthController.signup(SignupDto) with error : User Role not set
2025-06-02T08:37:37.828+02:00 ERROR 7232 --- [backend] [http-nio-8081-exec-2] o.a.c.c.C.[.[.[/].[dispatcherServlet]    : Servlet.service() for servlet [dispatcherServlet] in context with path [] threw exception [Request processing failed: com.starter.backend.exceptions.ApiRequestException: User Role not set] with root cause

com.starter.backend.exceptions.ApiRequestException: User Role not set
	at com.starter.backend.controllers.AuthController.lambda$0(AuthController.java:72) ~[classes/:na]
	at java.base/java.util.Optional.orElseThrow(Optional.java:403) ~[na:na]
	at com.starter.backend.controllers.AuthController.signup(AuthController.java:72) ~[classes/:na]
	at java.base/jdk.internal.reflect.DirectMethodHandleAccessor.invoke(DirectMethodHandleAccessor.java:103) ~[na:na]
	at java.base/java.lang.reflect.Method.invoke(Method.java:580) ~[na:na]
	at org.springframework.aop.support.AopUtils.invokeJoinpointUsingReflection(AopUtils.java:359) ~[spring-aop-6.2.5.jar:6.2.5]
	at org.springframework.aop.framework.ReflectiveMethodInvocation.invokeJoinpoint(ReflectiveMethodInvocation.java:196) ~[spring-aop-6.2.5.jar:6.2.5]
	at org.springframework.aop.framework.ReflectiveMethodInvocation.proceed(ReflectiveMethodInvocation.java:163) ~[spring-aop-6.2.5.jar:6.2.5]
	at org.springframework.aop.aspectj.AspectJAfterThrowingAdvice.invoke(AspectJAfterThrowingAdvice.java:64) ~[spring-aop-6.2.5.jar:6.2.5]
	at org.springframework.aop.framework.ReflectiveMethodInvocation.proceed(ReflectiveMethodInvocation.java:184) ~[spring-aop-6.2.5.jar:6.2.5]
	at org.springframework.aop.framework.adapter.AfterReturningAdviceInterceptor.invoke(AfterReturningAdviceInterceptor.java:57) ~[spring-aop-6.2.5.jar:6.2.5]
	at org.springframework.aop.framework.ReflectiveMethodInvocation.proceed(ReflectiveMethodInvocation.java:184) ~[spring-aop-6.2.5.jar:6.2.5]
	at org.springframework.aop.framework.adapter.MethodBeforeAdviceInterceptor.invoke(MethodBeforeAdviceInterceptor.java:58) ~[spring-aop-6.2.5.jar:6.2.5]
	at org.springframework.aop.framework.ReflectiveMethodInvocation.proceed(ReflectiveMethodInvocation.java:184) ~[spring-aop-6.2.5.jar:6.2.5]
	at org.springframework.aop.interceptor.ExposeInvocationInterceptor.invoke(ExposeInvocationInterceptor.java:97) ~[spring-aop-6.2.5.jar:6.2.5]
	at org.springframework.aop.framework.ReflectiveMethodInvocation.proceed(ReflectiveMethodInvocation.java:184) ~[spring-aop-6.2.5.jar:6.2.5]
	at org.springframework.aop.framework.CglibAopProxy$DynamicAdvisedInterceptor.intercept(CglibAopProxy.java:727) ~[spring-aop-6.2.5.jar:6.2.5]
	at com.starter.backend.controllers.AuthController$$SpringCGLIB$$0.signup(<generated>) ~[classes/:na]
	at java.base/jdk.internal.reflect.DirectMethodHandleAccessor.invoke(DirectMethodHandleAccessor.java:103) ~[na:na]
	at java.base/java.lang.reflect.Method.invoke(Method.java:580) ~[na:na]
	at org.springframework.web.method.support.InvocableHandlerMethod.doInvoke(InvocableHandlerMethod.java:258) ~[spring-web-6.2.5.jar:6.2.5]
	at org.springframework.web.method.support.InvocableHandlerMethod.invokeForRequest(InvocableHandlerMethod.java:191) ~[spring-web-6.2.5.jar:6.2.5]
	at org.springframework.web.servlet.mvc.method.annotation.ServletInvocableHandlerMethod.invokeAndHandle(ServletInvocableHandlerMethod.java:118) ~[spring-webmvc-6.2.5.jar:6.2.5]
	at org.springframework.web.servlet.mvc.method.annotation.RequestMappingHandlerAdapter.invokeHandlerMethod(RequestMappingHandlerAdapter.java:986) ~[spring-webmvc-6.2.5.jar:6.2.5]
	at org.springframework.web.servlet.mvc.method.annotation.RequestMappingHandlerAdapter.handleInternal(RequestMappingHandlerAdapter.java:891) ~[spring-webmvc-6.2.5.jar:6.2.5]
	at org.springframework.web.servlet.mvc.method.AbstractHandlerMethodAdapter.handle(AbstractHandlerMethodAdapter.java:87) ~[spring-webmvc-6.2.5.jar:6.2.5]
	at org.springframework.web.servlet.DispatcherServlet.doDispatch(DispatcherServlet.java:1089) ~[spring-webmvc-6.2.5.jar:6.2.5]
	at org.springframework.web.servlet.DispatcherServlet.doService(DispatcherServlet.java:979) ~[spring-webmvc-6.2.5.jar:6.2.5]
	at org.springframework.web.servlet.FrameworkServlet.processRequest(FrameworkServlet.java:1014) ~[spring-webmvc-6.2.5.jar:6.2.5]
	at org.springframework.web.servlet.FrameworkServlet.doPost(FrameworkServlet.java:914) ~[spring-webmvc-6.2.5.jar:6.2.5]
	at jakarta.servlet.http.HttpServlet.service(HttpServlet.java:590) ~[tomcat-embed-core-10.1.36.jar:6.0]
	at org.springframework.web.servlet.FrameworkServlet.service(FrameworkServlet.java:885) ~[spring-webmvc-6.2.5.jar:6.2.5]
	at jakarta.servlet.http.HttpServlet.service(HttpServlet.java:658) ~[tomcat-embed-core-10.1.36.jar:6.0]
	at org.apache.catalina.core.ApplicationFilterChain.internalDoFilter(ApplicationFilterChain.java:195) ~[tomcat-embed-core-10.1.36.jar:10.1.36]
	at org.apache.catalina.core.ApplicationFilterChain.doFilter(ApplicationFilterChain.java:140) ~[tomcat-embed-core-10.1.36.jar:10.1.36]
	at org.apache.tomcat.websocket.server.WsFilter.doFilter(WsFilter.java:51) ~[tomcat-embed-websocket-10.1.36.jar:10.1.36]
	at org.apache.catalina.core.ApplicationFilterChain.internalDoFilter(ApplicationFilterChain.java:164) ~[tomcat-embed-core-10.1.36.jar:10.1.36]
	at org.apache.catalina.core.ApplicationFilterChain.doFilter(ApplicationFilterChain.java:140) ~[tomcat-embed-core-10.1.36.jar:10.1.36]
	at org.springframework.web.filter.OncePerRequestFilter.doFilter(OncePerRequestFilter.java:110) ~[spring-web-6.2.5.jar:6.2.5]
	at org.apache.catalina.core.ApplicationFilterChain.internalDoFilter(ApplicationFilterChain.java:164) ~[tomcat-embed-core-10.1.36.jar:10.1.36]
	at org.apache.catalina.core.ApplicationFilterChain.doFilter(ApplicationFilterChain.java:140) ~[tomcat-embed-core-10.1.36.jar:10.1.36]
	at com.starter.backend.security.JwtAuthFilter.doFilterInternal(JwtAuthFilter.java:54) ~[classes/:na]
	at org.springframework.web.filter.OncePerRequestFilter.doFilter(OncePerRequestFilter.java:116) ~[spring-web-6.2.5.jar:6.2.5]
	at org.apache.catalina.core.ApplicationFilterChain.internalDoFilter(ApplicationFilterChain.java:164) ~[tomcat-embed-core-10.1.36.jar:10.1.36]
	at org.apache.catalina.core.ApplicationFilterChain.doFilter(ApplicationFilterChain.java:140) ~[tomcat-embed-core-10.1.36.jar:10.1.36]
	at org.springframework.web.filter.CompositeFilter$VirtualFilterChain.doFilter(CompositeFilter.java:108) ~[spring-web-6.2.5.jar:6.2.5]
	at org.springframework.security.web.FilterChainProxy.lambda$doFilterInternal$3(FilterChainProxy.java:231) ~[spring-security-web-6.4.4.jar:6.4.4]
	at org.springframework.security.web.ObservationFilterChainDecorator$FilterObservation$SimpleFilterObservation.lambda$wrap$1(ObservationFilterChainDecorator.java:479) ~[spring-security-web-6.4.4.jar:6.4.4]
	at org.springframework.security.web.ObservationFilterChainDecorator$AroundFilterObservation$SimpleAroundFilterObservation.lambda$wrap$1(ObservationFilterChainDecorator.java:340) ~[spring-security-web-6.4.4.jar:6.4.4]
	at org.springframework.security.web.ObservationFilterChainDecorator.lambda$wrapSecured$0(ObservationFilterChainDecorator.java:82) ~[spring-security-web-6.4.4.jar:6.4.4]
	at org.springframework.security.web.ObservationFilterChainDecorator$VirtualFilterChain.doFilter(ObservationFilterChainDecorator.java:128) ~[spring-security-web-6.4.4.jar:6.4.4]
	at org.springframework.security.web.access.intercept.AuthorizationFilter.doFilter(AuthorizationFilter.java:101) ~[spring-security-web-6.4.4.jar:6.4.4]
	at org.springframework.security.web.ObservationFilterChainDecorator$ObservationFilter.wrapFilter(ObservationFilterChainDecorator.java:240) ~[spring-security-web-6.4.4.jar:6.4.4]
	at org.springframework.security.web.ObservationFilterChainDecorator$ObservationFilter.doFilter(ObservationFilterChainDecorator.java:227) ~[spring-security-web-6.4.4.jar:6.4.4]
	at org.springframework.security.web.ObservationFilterChainDecorator$VirtualFilterChain.doFilter(ObservationFilterChainDecorator.java:137) ~[spring-security-web-6.4.4.jar:6.4.4]
	at org.springframework.security.web.access.ExceptionTranslationFilter.doFilter(ExceptionTranslationFilter.java:126) ~[spring-security-web-6.4.4.jar:6.4.4]
	at org.springframework.security.web.access.ExceptionTranslationFilter.doFilter(ExceptionTranslationFilter.java:120) ~[spring-security-web-6.4.4.jar:6.4.4]
	at org.springframework.security.web.ObservationFilterChainDecorator$ObservationFilter.wrapFilter(ObservationFilterChainDecorator.java:240) ~[spring-security-web-6.4.4.jar:6.4.4]
	at org.springframework.security.web.ObservationFilterChainDecorator$ObservationFilter.doFilter(ObservationFilterChainDecorator.java:227) ~[spring-security-web-6.4.4.jar:6.4.4]
	at org.springframework.security.web.ObservationFilterChainDecorator$VirtualFilterChain.doFilter(ObservationFilterChainDecorator.java:137) ~[spring-security-web-6.4.4.jar:6.4.4]
	at org.springframework.security.web.session.SessionManagementFilter.doFilter(SessionManagementFilter.java:131) ~[spring-security-web-6.4.4.jar:6.4.4]
	at org.springframework.security.web.session.SessionManagementFilter.doFilter(SessionManagementFilter.java:85) ~[spring-security-web-6.4.4.jar:6.4.4]
	at org.springframework.security.web.ObservationFilterChainDecorator$ObservationFilter.wrapFilter(ObservationFilterChainDecorator.java:240) ~[spring-security-web-6.4.4.jar:6.4.4]
	at org.springframework.security.web.ObservationFilterChainDecorator$ObservationFilter.doFilter(ObservationFilterChainDecorator.java:227) ~[spring-security-web-6.4.4.jar:6.4.4]
	at org.springframework.security.web.ObservationFilterChainDecorator$VirtualFilterChain.doFilter(ObservationFilterChainDecorator.java:137) ~[spring-security-web-6.4.4.jar:6.4.4]
	at org.springframework.security.web.authentication.AnonymousAuthenticationFilter.doFilter(AnonymousAuthenticationFilter.java:100) ~[spring-security-web-6.4.4.jar:6.4.4]
	at org.springframework.security.web.ObservationFilterChainDecorator$ObservationFilter.wrapFilter(ObservationFilterChainDecorator.java:240) ~[spring-security-web-6.4.4.jar:6.4.4]
	at org.springframework.security.web.ObservationFilterChainDecorator$ObservationFilter.doFilter(ObservationFilterChainDecorator.java:227) ~[spring-security-web-6.4.4.jar:6.4.4]
	at org.springframework.security.web.ObservationFilterChainDecorator$VirtualFilterChain.doFilter(ObservationFilterChainDecorator.java:137) ~[spring-security-web-6.4.4.jar:6.4.4]
	at org.springframework.security.web.servletapi.SecurityContextHolderAwareRequestFilter.doFilter(SecurityContextHolderAwareRequestFilter.java:179) ~[spring-security-web-6.4.4.jar:6.4.4]
	at org.springframework.security.web.ObservationFilterChainDecorator$ObservationFilter.wrapFilter(ObservationFilterChainDecorator.java:240) ~[spring-security-web-6.4.4.jar:6.4.4]
	at org.springframework.security.web.ObservationFilterChainDecorator$ObservationFilter.doFilter(ObservationFilterChainDecorator.java:227) ~[spring-security-web-6.4.4.jar:6.4.4]
	at org.springframework.security.web.ObservationFilterChainDecorator$VirtualFilterChain.doFilter(ObservationFilterChainDecorator.java:137) ~[spring-security-web-6.4.4.jar:6.4.4]
	at org.springframework.security.web.savedrequest.RequestCacheAwareFilter.doFilter(RequestCacheAwareFilter.java:63) ~[spring-security-web-6.4.4.jar:6.4.4]
	at org.springframework.security.web.ObservationFilterChainDecorator$ObservationFilter.wrapFilter(ObservationFilterChainDecorator.java:240) ~[spring-security-web-6.4.4.jar:6.4.4]
	at org.springframework.security.web.ObservationFilterChainDecorator$ObservationFilter.doFilter(ObservationFilterChainDecorator.java:227) ~[spring-security-web-6.4.4.jar:6.4.4]
	at org.springframework.security.web.ObservationFilterChainDecorator$VirtualFilterChain.doFilter(ObservationFilterChainDecorator.java:137) ~[spring-security-web-6.4.4.jar:6.4.4]
	at com.starter.backend.security.JwtAuthFilter.doFilterInternal(JwtAuthFilter.java:54) ~[classes/:na]
	at org.springframework.web.filter.OncePerRequestFilter.doFilter(OncePerRequestFilter.java:116) ~[spring-web-6.2.5.jar:6.2.5]
	at org.springframework.security.web.ObservationFilterChainDecorator$ObservationFilter.wrapFilter(ObservationFilterChainDecorator.java:240) ~[spring-security-web-6.4.4.jar:6.4.4]
	at org.springframework.security.web.ObservationFilterChainDecorator$ObservationFilter.doFilter(ObservationFilterChainDecorator.java:227) ~[spring-security-web-6.4.4.jar:6.4.4]
	at org.springframework.security.web.ObservationFilterChainDecorator$VirtualFilterChain.doFilter(ObservationFilterChainDecorator.java:137) ~[spring-security-web-6.4.4.jar:6.4.4]
	at org.springframework.security.web.authentication.logout.LogoutFilter.doFilter(LogoutFilter.java:107) ~[spring-security-web-6.4.4.jar:6.4.4]
	at org.springframework.security.web.authentication.logout.LogoutFilter.doFilter(LogoutFilter.java:93) ~[spring-security-web-6.4.4.jar:6.4.4]
	at org.springframework.security.web.ObservationFilterChainDecorator$ObservationFilter.wrapFilter(ObservationFilterChainDecorator.java:240) ~[spring-security-web-6.4.4.jar:6.4.4]
	at org.springframework.security.web.ObservationFilterChainDecorator$ObservationFilter.doFilter(ObservationFilterChainDecorator.java:227) ~[spring-security-web-6.4.4.jar:6.4.4]
	at org.springframework.security.web.ObservationFilterChainDecorator$VirtualFilterChain.doFilter(ObservationFilterChainDecorator.java:137) ~[spring-security-web-6.4.4.jar:6.4.4]
	at org.springframework.web.filter.CorsFilter.doFilterInternal(CorsFilter.java:91) ~[spring-web-6.2.5.jar:6.2.5]
	at org.springframework.web.filter.OncePerRequestFilter.doFilter(OncePerRequestFilter.java:116) ~[spring-web-6.2.5.jar:6.2.5]
	at org.springframework.security.web.ObservationFilterChainDecorator$ObservationFilter.wrapFilter(ObservationFilterChainDecorator.java:240) ~[spring-security-web-6.4.4.jar:6.4.4]
	at org.springframework.security.web.ObservationFilterChainDecorator$ObservationFilter.doFilter(ObservationFilterChainDecorator.java:227) ~[spring-security-web-6.4.4.jar:6.4.4]
	at org.springframework.security.web.ObservationFilterChainDecorator$VirtualFilterChain.doFilter(ObservationFilterChainDecorator.java:137) ~[spring-security-web-6.4.4.jar:6.4.4]
	at org.springframework.security.web.header.HeaderWriterFilter.doHeadersAfter(HeaderWriterFilter.java:90) ~[spring-security-web-6.4.4.jar:6.4.4]
	at org.springframework.security.web.header.HeaderWriterFilter.doFilterInternal(HeaderWriterFilter.java:75) ~[spring-security-web-6.4.4.jar:6.4.4]
	at org.springframework.web.filter.OncePerRequestFilter.doFilter(OncePerRequestFilter.java:116) ~[spring-web-6.2.5.jar:6.2.5]
	at org.springframework.security.web.ObservationFilterChainDecorator$ObservationFilter.wrapFilter(ObservationFilterChainDecorator.java:240) ~[spring-security-web-6.4.4.jar:6.4.4]
	at org.springframework.security.web.ObservationFilterChainDecorator$ObservationFilter.doFilter(ObservationFilterChainDecorator.java:227) ~[spring-security-web-6.4.4.jar:6.4.4]
	at org.springframework.security.web.ObservationFilterChainDecorator$VirtualFilterChain.doFilter(ObservationFilterChainDecorator.java:137) ~[spring-security-web-6.4.4.jar:6.4.4]
	at org.springframework.security.web.context.SecurityContextHolderFilter.doFilter(SecurityContextHolderFilter.java:82) ~[spring-security-web-6.4.4.jar:6.4.4]
	at org.springframework.security.web.context.SecurityContextHolderFilter.doFilter(SecurityContextHolderFilter.java:69) ~[spring-security-web-6.4.4.jar:6.4.4]
	at org.springframework.security.web.ObservationFilterChainDecorator$ObservationFilter.wrapFilter(ObservationFilterChainDecorator.java:240) ~[spring-security-web-6.4.4.jar:6.4.4]
	at org.springframework.security.web.ObservationFilterChainDecorator$ObservationFilter.doFilter(ObservationFilterChainDecorator.java:227) ~[spring-security-web-6.4.4.jar:6.4.4]
	at org.springframework.security.web.ObservationFilterChainDecorator$VirtualFilterChain.doFilter(ObservationFilterChainDecorator.java:137) ~[spring-security-web-6.4.4.jar:6.4.4]
	at org.springframework.security.web.context.request.async.WebAsyncManagerIntegrationFilter.doFilterInternal(WebAsyncManagerIntegrationFilter.java:62) ~[spring-security-web-6.4.4.jar:6.4.4]
	at org.springframework.web.filter.OncePerRequestFilter.doFilter(OncePerRequestFilter.java:116) ~[spring-web-6.2.5.jar:6.2.5]
	at org.springframework.security.web.ObservationFilterChainDecorator$ObservationFilter.wrapFilter(ObservationFilterChainDecorator.java:240) ~[spring-security-web-6.4.4.jar:6.4.4]
	at org.springframework.security.web.ObservationFilterChainDecorator$ObservationFilter.doFilter(ObservationFilterChainDecorator.java:227) ~[spring-security-web-6.4.4.jar:6.4.4]
	at org.springframework.security.web.ObservationFilterChainDecorator$VirtualFilterChain.doFilter(ObservationFilterChainDecorator.java:137) ~[spring-security-web-6.4.4.jar:6.4.4]
	at org.springframework.security.web.session.DisableEncodeUrlFilter.doFilterInternal(DisableEncodeUrlFilter.java:42) ~[spring-security-web-6.4.4.jar:6.4.4]
	at org.springframework.web.filter.OncePerRequestFilter.doFilter(OncePerRequestFilter.java:116) ~[spring-web-6.2.5.jar:6.2.5]
	at org.springframework.security.web.ObservationFilterChainDecorator$ObservationFilter.wrapFilter(ObservationFilterChainDecorator.java:240) ~[spring-security-web-6.4.4.jar:6.4.4]
	at org.springframework.security.web.ObservationFilterChainDecorator$AroundFilterObservation$SimpleAroundFilterObservation.lambda$wrap$0(ObservationFilterChainDecorator.java:323) ~[spring-security-web-6.4.4.jar:6.4.4]
	at org.springframework.security.web.ObservationFilterChainDecorator$ObservationFilter.doFilter(ObservationFilterChainDecorator.java:224) ~[spring-security-web-6.4.4.jar:6.4.4]
	at org.springframework.security.web.ObservationFilterChainDecorator$VirtualFilterChain.doFilter(ObservationFilterChainDecorator.java:137) ~[spring-security-web-6.4.4.jar:6.4.4]
	at org.springframework.security.web.FilterChainProxy.doFilterInternal(FilterChainProxy.java:233) ~[spring-security-web-6.4.4.jar:6.4.4]
	at org.springframework.security.web.FilterChainProxy.doFilter(FilterChainProxy.java:191) ~[spring-security-web-6.4.4.jar:6.4.4]
	at org.springframework.web.filter.CompositeFilter$VirtualFilterChain.doFilter(CompositeFilter.java:113) ~[spring-web-6.2.5.jar:6.2.5]
	at org.springframework.web.servlet.handler.HandlerMappingIntrospector.lambda$createCacheFilter$3(HandlerMappingIntrospector.java:243) ~[spring-webmvc-6.2.5.jar:6.2.5]
	at org.springframework.web.filter.CompositeFilter$VirtualFilterChain.doFilter(CompositeFilter.java:113) ~[spring-web-6.2.5.jar:6.2.5]
	at org.springframework.web.filter.CompositeFilter.doFilter(CompositeFilter.java:74) ~[spring-web-6.2.5.jar:6.2.5]
	at org.springframework.security.config.annotation.web.configuration.WebMvcSecurityConfiguration$CompositeFilterChainProxy.doFilter(WebMvcSecurityConfiguration.java:238) ~[spring-security-config-6.4.4.jar:6.4.4]
	at org.springframework.web.filter.DelegatingFilterProxy.invokeDelegate(DelegatingFilterProxy.java:362) ~[spring-web-6.2.5.jar:6.2.5]
	at org.springframework.web.filter.DelegatingFilterProxy.doFilter(DelegatingFilterProxy.java:278) ~[spring-web-6.2.5.jar:6.2.5]
	at org.apache.catalina.core.ApplicationFilterChain.internalDoFilter(ApplicationFilterChain.java:164) ~[tomcat-embed-core-10.1.36.jar:10.1.36]
	at org.apache.catalina.core.ApplicationFilterChain.doFilter(ApplicationFilterChain.java:140) ~[tomcat-embed-core-10.1.36.jar:10.1.36]
	at org.springframework.web.filter.RequestContextFilter.doFilterInternal(RequestContextFilter.java:100) ~[spring-web-6.2.5.jar:6.2.5]
	at org.springframework.web.filter.OncePerRequestFilter.doFilter(OncePerRequestFilter.java:116) ~[spring-web-6.2.5.jar:6.2.5]
	at org.apache.catalina.core.ApplicationFilterChain.internalDoFilter(ApplicationFilterChain.java:164) ~[tomcat-embed-core-10.1.36.jar:10.1.36]
	at org.apache.catalina.core.ApplicationFilterChain.doFilter(ApplicationFilterChain.java:140) ~[tomcat-embed-core-10.1.36.jar:10.1.36]
	at org.springframework.web.filter.FormContentFilter.doFilterInternal(FormContentFilter.java:93) ~[spring-web-6.2.5.jar:6.2.5]
	at org.springframework.web.filter.OncePerRequestFilter.doFilter(OncePerRequestFilter.java:116) ~[spring-web-6.2.5.jar:6.2.5]
	at org.apache.catalina.core.ApplicationFilterChain.internalDoFilter(ApplicationFilterChain.java:164) ~[tomcat-embed-core-10.1.36.jar:10.1.36]
	at org.apache.catalina.core.ApplicationFilterChain.doFilter(ApplicationFilterChain.java:140) ~[tomcat-embed-core-10.1.36.jar:10.1.36]
	at org.springframework.web.filter.ServerHttpObservationFilter.doFilterInternal(ServerHttpObservationFilter.java:114) ~[spring-web-6.2.5.jar:6.2.5]
	at org.springframework.web.filter.OncePerRequestFilter.doFilter(OncePerRequestFilter.java:116) ~[spring-web-6.2.5.jar:6.2.5]
	at org.apache.catalina.core.ApplicationFilterChain.internalDoFilter(ApplicationFilterChain.java:164) ~[tomcat-embed-core-10.1.36.jar:10.1.36]
	at org.apache.catalina.core.ApplicationFilterChain.doFilter(ApplicationFilterChain.java:140) ~[tomcat-embed-core-10.1.36.jar:10.1.36]
	at org.springframework.web.filter.CharacterEncodingFilter.doFilterInternal(CharacterEncodingFilter.java:201) ~[spring-web-6.2.5.jar:6.2.5]
	at org.springframework.web.filter.OncePerRequestFilter.doFilter(OncePerRequestFilter.java:116) ~[spring-web-6.2.5.jar:6.2.5]
	at org.apache.catalina.core.ApplicationFilterChain.internalDoFilter(ApplicationFilterChain.java:164) ~[tomcat-embed-core-10.1.36.jar:10.1.36]
	at org.apache.catalina.core.ApplicationFilterChain.doFilter(ApplicationFilterChain.java:140) ~[tomcat-embed-core-10.1.36.jar:10.1.36]
	at org.apache.catalina.core.StandardWrapperValve.invoke(StandardWrapperValve.java:167) ~[tomcat-embed-core-10.1.36.jar:10.1.36]
	at org.apache.catalina.core.StandardContextValve.invoke(StandardContextValve.java:90) ~[tomcat-embed-core-10.1.36.jar:10.1.36]
	at org.apache.catalina.authenticator.AuthenticatorBase.invoke(AuthenticatorBase.java:483) ~[tomcat-embed-core-10.1.36.jar:10.1.36]
	at org.apache.catalina.core.StandardHostValve.invoke(StandardHostValve.java:115) ~[tomcat-embed-core-10.1.36.jar:10.1.36]
	at org.apache.catalina.valves.ErrorReportValve.invoke(ErrorReportValve.java:93) ~[tomcat-embed-core-10.1.36.jar:10.1.36]
	at org.apache.catalina.core.StandardEngineValve.invoke(StandardEngineValve.java:74) ~[tomcat-embed-core-10.1.36.jar:10.1.36]
	at org.apache.catalina.connector.CoyoteAdapter.service(CoyoteAdapter.java:344) ~[tomcat-embed-core-10.1.36.jar:10.1.36]
	at org.apache.coyote.http11.Http11Processor.service(Http11Processor.java:397) ~[tomcat-embed-core-10.1.36.jar:10.1.36]
	at org.apache.coyote.AbstractProcessorLight.process(AbstractProcessorLight.java:63) ~[tomcat-embed-core-10.1.36.jar:10.1.36]
	at org.apache.coyote.AbstractProtocol$ConnectionHandler.process(AbstractProtocol.java:905) ~[tomcat-embed-core-10.1.36.jar:10.1.36]
	at org.apache.tomcat.util.net.NioEndpoint$SocketProcessor.doRun(NioEndpoint.java:1743) ~[tomcat-embed-core-10.1.36.jar:10.1.36]
	at org.apache.tomcat.util.net.SocketProcessorBase.run(SocketProcessorBase.java:52) ~[tomcat-embed-core-10.1.36.jar:10.1.36]
	at org.apache.tomcat.util.threads.ThreadPoolExecutor.runWorker(ThreadPoolExecutor.java:1190) ~[tomcat-embed-core-10.1.36.jar:10.1.36]
	at org.apache.tomcat.util.threads.ThreadPoolExecutor$Worker.run(ThreadPoolExecutor.java:659) ~[tomcat-embed-core-10.1.36.jar:10.1.36]
	at org.apache.tomcat.util.threads.TaskThread$WrappingRunnable.run(TaskThread.java:63) ~[tomcat-embed-core-10.1.36.jar:10.1.36]
	at java.base/java.lang.Thread.run(Thread.java:1583) ~[na:na]

2025-06-02T08:37:37.833+02:00 ERROR 7232 --- [backend] [http-nio-8081-exec-2] c.s.backend.security.JwtAuthEntryPoint   : responding with unauthorized error.message - Full authentication is required to access this resource
2025-06-02T08:37:43.612+02:00  INFO 7232 --- [backend] [http-nio-8081-exec-3] c.starter.backend.aspects.LoggingAspect  : Entering method: ResponseEntity com.starter.backend.controllers.AuthController.signup(SignupDto) with arguements : [com.starter.backend.dtos.SignupDto@5a9a77c]
2025-06-02T08:37:43.728+02:00  INFO 7232 --- [backend] [http-nio-8081-exec-3] c.starter.backend.aspects.LoggingAspect  : Exiting method: ResponseEntity com.starter.backend.controllers.AuthController.signup(SignupDto) with error : User Role not set
2025-06-02T08:37:43.729+02:00 ERROR 7232 --- [backend] [http-nio-8081-exec-3] o.a.c.c.C.[.[.[/].[dispatcherServlet]    : Servlet.service() for servlet [dispatcherServlet] in context with path [] threw exception [Request processing failed: com.starter.backend.exceptions.ApiRequestException: User Role not set] with root cause

com.starter.backend.exceptions.ApiRequestException: User Role not set
	at com.starter.backend.controllers.AuthController.lambda$0(AuthController.java:72) ~[classes/:na]
	at java.base/java.util.Optional.orElseThrow(Optional.java:403) ~[na:na]
	at com.starter.backend.controllers.AuthController.signup(AuthController.java:72) ~[classes/:na]
	at java.base/jdk.internal.reflect.DirectMethodHandleAccessor.invoke(DirectMethodHandleAccessor.java:103) ~[na:na]
	at java.base/java.lang.reflect.Method.invoke(Method.java:580) ~[na:na]
	at org.springframework.aop.support.AopUtils.invokeJoinpointUsingReflection(AopUtils.java:359) ~[spring-aop-6.2.5.jar:6.2.5]
	at org.springframework.aop.framework.ReflectiveMethodInvocation.invokeJoinpoint(ReflectiveMethodInvocation.java:196) ~[spring-aop-6.2.5.jar:6.2.5]
	at org.springframework.aop.framework.ReflectiveMethodInvocation.proceed(ReflectiveMethodInvocation.java:163) ~[spring-aop-6.2.5.jar:6.2.5]
	at org.springframework.aop.aspectj.AspectJAfterThrowingAdvice.invoke(AspectJAfterThrowingAdvice.java:64) ~[spring-aop-6.2.5.jar:6.2.5]
	at org.springframework.aop.framework.ReflectiveMethodInvocation.proceed(ReflectiveMethodInvocation.java:184) ~[spring-aop-6.2.5.jar:6.2.5]
	at org.springframework.aop.framework.adapter.AfterReturningAdviceInterceptor.invoke(AfterReturningAdviceInterceptor.java:57) ~[spring-aop-6.2.5.jar:6.2.5]
	at org.springframework.aop.framework.ReflectiveMethodInvocation.proceed(ReflectiveMethodInvocation.java:184) ~[spring-aop-6.2.5.jar:6.2.5]
	at org.springframework.aop.framework.adapter.MethodBeforeAdviceInterceptor.invoke(MethodBeforeAdviceInterceptor.java:58) ~[spring-aop-6.2.5.jar:6.2.5]
	at org.springframework.aop.framework.ReflectiveMethodInvocation.proceed(ReflectiveMethodInvocation.java:184) ~[spring-aop-6.2.5.jar:6.2.5]
	at org.springframework.aop.interceptor.ExposeInvocationInterceptor.invoke(ExposeInvocationInterceptor.java:97) ~[spring-aop-6.2.5.jar:6.2.5]
	at org.springframework.aop.framework.ReflectiveMethodInvocation.proceed(ReflectiveMethodInvocation.java:184) ~[spring-aop-6.2.5.jar:6.2.5]
	at org.springframework.aop.framework.CglibAopProxy$DynamicAdvisedInterceptor.intercept(CglibAopProxy.java:727) ~[spring-aop-6.2.5.jar:6.2.5]
	at com.starter.backend.controllers.AuthController$$SpringCGLIB$$0.signup(<generated>) ~[classes/:na]
	at java.base/jdk.internal.reflect.DirectMethodHandleAccessor.invoke(DirectMethodHandleAccessor.java:103) ~[na:na]
	at java.base/java.lang.reflect.Method.invoke(Method.java:580) ~[na:na]
	at org.springframework.web.method.support.InvocableHandlerMethod.doInvoke(InvocableHandlerMethod.java:258) ~[spring-web-6.2.5.jar:6.2.5]
	at org.springframework.web.method.support.InvocableHandlerMethod.invokeForRequest(InvocableHandlerMethod.java:191) ~[spring-web-6.2.5.jar:6.2.5]
	at org.springframework.web.servlet.mvc.method.annotation.ServletInvocableHandlerMethod.invokeAndHandle(ServletInvocableHandlerMethod.java:118) ~[spring-webmvc-6.2.5.jar:6.2.5]
	at org.springframework.web.servlet.mvc.method.annotation.RequestMappingHandlerAdapter.invokeHandlerMethod(RequestMappingHandlerAdapter.java:986) ~[spring-webmvc-6.2.5.jar:6.2.5]
	at org.springframework.web.servlet.mvc.method.annotation.RequestMappingHandlerAdapter.handleInternal(RequestMappingHandlerAdapter.java:891) ~[spring-webmvc-6.2.5.jar:6.2.5]
	at org.springframework.web.servlet.mvc.method.AbstractHandlerMethodAdapter.handle(AbstractHandlerMethodAdapter.java:87) ~[spring-webmvc-6.2.5.jar:6.2.5]
	at org.springframework.web.servlet.DispatcherServlet.doDispatch(DispatcherServlet.java:1089) ~[spring-webmvc-6.2.5.jar:6.2.5]
	at org.springframework.web.servlet.DispatcherServlet.doService(DispatcherServlet.java:979) ~[spring-webmvc-6.2.5.jar:6.2.5]
	at org.springframework.web.servlet.FrameworkServlet.processRequest(FrameworkServlet.java:1014) ~[spring-webmvc-6.2.5.jar:6.2.5]
	at org.springframework.web.servlet.FrameworkServlet.doPost(FrameworkServlet.java:914) ~[spring-webmvc-6.2.5.jar:6.2.5]
	at jakarta.servlet.http.HttpServlet.service(HttpServlet.java:590) ~[tomcat-embed-core-10.1.36.jar:6.0]
	at org.springframework.web.servlet.FrameworkServlet.service(FrameworkServlet.java:885) ~[spring-webmvc-6.2.5.jar:6.2.5]
	at jakarta.servlet.http.HttpServlet.service(HttpServlet.java:658) ~[tomcat-embed-core-10.1.36.jar:6.0]
	at org.apache.catalina.core.ApplicationFilterChain.internalDoFilter(ApplicationFilterChain.java:195) ~[tomcat-embed-core-10.1.36.jar:10.1.36]
	at org.apache.catalina.core.ApplicationFilterChain.doFilter(ApplicationFilterChain.java:140) ~[tomcat-embed-core-10.1.36.jar:10.1.36]
	at org.apache.tomcat.websocket.server.WsFilter.doFilter(WsFilter.java:51) ~[tomcat-embed-websocket-10.1.36.jar:10.1.36]
	at org.apache.catalina.core.ApplicationFilterChain.internalDoFilter(ApplicationFilterChain.java:164) ~[tomcat-embed-core-10.1.36.jar:10.1.36]
	at org.apache.catalina.core.ApplicationFilterChain.doFilter(ApplicationFilterChain.java:140) ~[tomcat-embed-core-10.1.36.jar:10.1.36]
	at org.springframework.web.filter.OncePerRequestFilter.doFilter(OncePerRequestFilter.java:110) ~[spring-web-6.2.5.jar:6.2.5]
	at org.apache.catalina.core.ApplicationFilterChain.internalDoFilter(ApplicationFilterChain.java:164) ~[tomcat-embed-core-10.1.36.jar:10.1.36]
	at org.apache.catalina.core.ApplicationFilterChain.doFilter(ApplicationFilterChain.java:140) ~[tomcat-embed-core-10.1.36.jar:10.1.36]
	at com.starter.backend.security.JwtAuthFilter.doFilterInternal(JwtAuthFilter.java:54) ~[classes/:na]
	at org.springframework.web.filter.OncePerRequestFilter.doFilter(OncePerRequestFilter.java:116) ~[spring-web-6.2.5.jar:6.2.5]
	at org.apache.catalina.core.ApplicationFilterChain.internalDoFilter(ApplicationFilterChain.java:164) ~[tomcat-embed-core-10.1.36.jar:10.1.36]
	at org.apache.catalina.core.ApplicationFilterChain.doFilter(ApplicationFilterChain.java:140) ~[tomcat-embed-core-10.1.36.jar:10.1.36]
	at org.springframework.web.filter.CompositeFilter$VirtualFilterChain.doFilter(CompositeFilter.java:108) ~[spring-web-6.2.5.jar:6.2.5]
	at org.springframework.security.web.FilterChainProxy.lambda$doFilterInternal$3(FilterChainProxy.java:231) ~[spring-security-web-6.4.4.jar:6.4.4]
	at org.springframework.security.web.ObservationFilterChainDecorator$FilterObservation$SimpleFilterObservation.lambda$wrap$1(ObservationFilterChainDecorator.java:479) ~[spring-security-web-6.4.4.jar:6.4.4]
	at org.springframework.security.web.ObservationFilterChainDecorator$AroundFilterObservation$SimpleAroundFilterObservation.lambda$wrap$1(ObservationFilterChainDecorator.java:340) ~[spring-security-web-6.4.4.jar:6.4.4]
	at org.springframework.security.web.ObservationFilterChainDecorator.lambda$wrapSecured$0(ObservationFilterChainDecorator.java:82) ~[spring-security-web-6.4.4.jar:6.4.4]
	at org.springframework.security.web.ObservationFilterChainDecorator$VirtualFilterChain.doFilter(ObservationFilterChainDecorator.java:128) ~[spring-security-web-6.4.4.jar:6.4.4]
	at org.springframework.security.web.access.intercept.AuthorizationFilter.doFilter(AuthorizationFilter.java:101) ~[spring-security-web-6.4.4.jar:6.4.4]
	at org.springframework.security.web.ObservationFilterChainDecorator$ObservationFilter.wrapFilter(ObservationFilterChainDecorator.java:240) ~[spring-security-web-6.4.4.jar:6.4.4]
	at org.springframework.security.web.ObservationFilterChainDecorator$ObservationFilter.doFilter(ObservationFilterChainDecorator.java:227) ~[spring-security-web-6.4.4.jar:6.4.4]
	at org.springframework.security.web.ObservationFilterChainDecorator$VirtualFilterChain.doFilter(ObservationFilterChainDecorator.java:137) ~[spring-security-web-6.4.4.jar:6.4.4]
	at org.springframework.security.web.access.ExceptionTranslationFilter.doFilter(ExceptionTranslationFilter.java:126) ~[spring-security-web-6.4.4.jar:6.4.4]
	at org.springframework.security.web.access.ExceptionTranslationFilter.doFilter(ExceptionTranslationFilter.java:120) ~[spring-security-web-6.4.4.jar:6.4.4]
	at org.springframework.security.web.ObservationFilterChainDecorator$ObservationFilter.wrapFilter(ObservationFilterChainDecorator.java:240) ~[spring-security-web-6.4.4.jar:6.4.4]
	at org.springframework.security.web.ObservationFilterChainDecorator$ObservationFilter.doFilter(ObservationFilterChainDecorator.java:227) ~[spring-security-web-6.4.4.jar:6.4.4]
	at org.springframework.security.web.ObservationFilterChainDecorator$VirtualFilterChain.doFilter(ObservationFilterChainDecorator.java:137) ~[spring-security-web-6.4.4.jar:6.4.4]
	at org.springframework.security.web.session.SessionManagementFilter.doFilter(SessionManagementFilter.java:131) ~[spring-security-web-6.4.4.jar:6.4.4]
	at org.springframework.security.web.session.SessionManagementFilter.doFilter(SessionManagementFilter.java:85) ~[spring-security-web-6.4.4.jar:6.4.4]
	at org.springframework.security.web.ObservationFilterChainDecorator$ObservationFilter.wrapFilter(ObservationFilterChainDecorator.java:240) ~[spring-security-web-6.4.4.jar:6.4.4]
	at org.springframework.security.web.ObservationFilterChainDecorator$ObservationFilter.doFilter(ObservationFilterChainDecorator.java:227) ~[spring-security-web-6.4.4.jar:6.4.4]
	at org.springframework.security.web.ObservationFilterChainDecorator$VirtualFilterChain.doFilter(ObservationFilterChainDecorator.java:137) ~[spring-security-web-6.4.4.jar:6.4.4]
	at org.springframework.security.web.authentication.AnonymousAuthenticationFilter.doFilter(AnonymousAuthenticationFilter.java:100) ~[spring-security-web-6.4.4.jar:6.4.4]
	at org.springframework.security.web.ObservationFilterChainDecorator$ObservationFilter.wrapFilter(ObservationFilterChainDecorator.java:240) ~[spring-security-web-6.4.4.jar:6.4.4]
	at org.springframework.security.web.ObservationFilterChainDecorator$ObservationFilter.doFilter(ObservationFilterChainDecorator.java:227) ~[spring-security-web-6.4.4.jar:6.4.4]
	at org.springframework.security.web.ObservationFilterChainDecorator$VirtualFilterChain.doFilter(ObservationFilterChainDecorator.java:137) ~[spring-security-web-6.4.4.jar:6.4.4]
	at org.springframework.security.web.servletapi.SecurityContextHolderAwareRequestFilter.doFilter(SecurityContextHolderAwareRequestFilter.java:179) ~[spring-security-web-6.4.4.jar:6.4.4]
	at org.springframework.security.web.ObservationFilterChainDecorator$ObservationFilter.wrapFilter(ObservationFilterChainDecorator.java:240) ~[spring-security-web-6.4.4.jar:6.4.4]
	at org.springframework.security.web.ObservationFilterChainDecorator$ObservationFilter.doFilter(ObservationFilterChainDecorator.java:227) ~[spring-security-web-6.4.4.jar:6.4.4]
	at org.springframework.security.web.ObservationFilterChainDecorator$VirtualFilterChain.doFilter(ObservationFilterChainDecorator.java:137) ~[spring-security-web-6.4.4.jar:6.4.4]
	at org.springframework.security.web.savedrequest.RequestCacheAwareFilter.doFilter(RequestCacheAwareFilter.java:63) ~[spring-security-web-6.4.4.jar:6.4.4]
	at org.springframework.security.web.ObservationFilterChainDecorator$ObservationFilter.wrapFilter(ObservationFilterChainDecorator.java:240) ~[spring-security-web-6.4.4.jar:6.4.4]
	at org.springframework.security.web.ObservationFilterChainDecorator$ObservationFilter.doFilter(ObservationFilterChainDecorator.java:227) ~[spring-security-web-6.4.4.jar:6.4.4]
	at org.springframework.security.web.ObservationFilterChainDecorator$VirtualFilterChain.doFilter(ObservationFilterChainDecorator.java:137) ~[spring-security-web-6.4.4.jar:6.4.4]
	at com.starter.backend.security.JwtAuthFilter.doFilterInternal(JwtAuthFilter.java:54) ~[classes/:na]
	at org.springframework.web.filter.OncePerRequestFilter.doFilter(OncePerRequestFilter.java:116) ~[spring-web-6.2.5.jar:6.2.5]
	at org.springframework.security.web.ObservationFilterChainDecorator$ObservationFilter.wrapFilter(ObservationFilterChainDecorator.java:240) ~[spring-security-web-6.4.4.jar:6.4.4]
	at org.springframework.security.web.ObservationFilterChainDecorator$ObservationFilter.doFilter(ObservationFilterChainDecorator.java:227) ~[spring-security-web-6.4.4.jar:6.4.4]
	at org.springframework.security.web.ObservationFilterChainDecorator$VirtualFilterChain.doFilter(ObservationFilterChainDecorator.java:137) ~[spring-security-web-6.4.4.jar:6.4.4]
	at org.springframework.security.web.authentication.logout.LogoutFilter.doFilter(LogoutFilter.java:107) ~[spring-security-web-6.4.4.jar:6.4.4]
	at org.springframework.security.web.authentication.logout.LogoutFilter.doFilter(LogoutFilter.java:93) ~[spring-security-web-6.4.4.jar:6.4.4]
	at org.springframework.security.web.ObservationFilterChainDecorator$ObservationFilter.wrapFilter(ObservationFilterChainDecorator.java:240) ~[spring-security-web-6.4.4.jar:6.4.4]
	at org.springframework.security.web.ObservationFilterChainDecorator$ObservationFilter.doFilter(ObservationFilterChainDecorator.java:227) ~[spring-security-web-6.4.4.jar:6.4.4]
	at org.springframework.security.web.ObservationFilterChainDecorator$VirtualFilterChain.doFilter(ObservationFilterChainDecorator.java:137) ~[spring-security-web-6.4.4.jar:6.4.4]
	at org.springframework.web.filter.CorsFilter.doFilterInternal(CorsFilter.java:91) ~[spring-web-6.2.5.jar:6.2.5]
	at org.springframework.web.filter.OncePerRequestFilter.doFilter(OncePerRequestFilter.java:116) ~[spring-web-6.2.5.jar:6.2.5]
	at org.springframework.security.web.ObservationFilterChainDecorator$ObservationFilter.wrapFilter(ObservationFilterChainDecorator.java:240) ~[spring-security-web-6.4.4.jar:6.4.4]
	at org.springframework.security.web.ObservationFilterChainDecorator$ObservationFilter.doFilter(ObservationFilterChainDecorator.java:227) ~[spring-security-web-6.4.4.jar:6.4.4]
	at org.springframework.security.web.ObservationFilterChainDecorator$VirtualFilterChain.doFilter(ObservationFilterChainDecorator.java:137) ~[spring-security-web-6.4.4.jar:6.4.4]
	at org.springframework.security.web.header.HeaderWriterFilter.doHeadersAfter(HeaderWriterFilter.java:90) ~[spring-security-web-6.4.4.jar:6.4.4]
	at org.springframework.security.web.header.HeaderWriterFilter.doFilterInternal(HeaderWriterFilter.java:75) ~[spring-security-web-6.4.4.jar:6.4.4]
	at org.springframework.web.filter.OncePerRequestFilter.doFilter(OncePerRequestFilter.java:116) ~[spring-web-6.2.5.jar:6.2.5]
	at org.springframework.security.web.ObservationFilterChainDecorator$ObservationFilter.wrapFilter(ObservationFilterChainDecorator.java:240) ~[spring-security-web-6.4.4.jar:6.4.4]
	at org.springframework.security.web.ObservationFilterChainDecorator$ObservationFilter.doFilter(ObservationFilterChainDecorator.java:227) ~[spring-security-web-6.4.4.jar:6.4.4]
	at org.springframework.security.web.ObservationFilterChainDecorator$VirtualFilterChain.doFilter(ObservationFilterChainDecorator.java:137) ~[spring-security-web-6.4.4.jar:6.4.4]
	at org.springframework.security.web.context.SecurityContextHolderFilter.doFilter(SecurityContextHolderFilter.java:82) ~[spring-security-web-6.4.4.jar:6.4.4]
	at org.springframework.security.web.context.SecurityContextHolderFilter.doFilter(SecurityContextHolderFilter.java:69) ~[spring-security-web-6.4.4.jar:6.4.4]
	at org.springframework.security.web.ObservationFilterChainDecorator$ObservationFilter.wrapFilter(ObservationFilterChainDecorator.java:240) ~[spring-security-web-6.4.4.jar:6.4.4]
	at org.springframework.security.web.ObservationFilterChainDecorator$ObservationFilter.doFilter(ObservationFilterChainDecorator.java:227) ~[spring-security-web-6.4.4.jar:6.4.4]
	at org.springframework.security.web.ObservationFilterChainDecorator$VirtualFilterChain.doFilter(ObservationFilterChainDecorator.java:137) ~[spring-security-web-6.4.4.jar:6.4.4]
	at org.springframework.security.web.context.request.async.WebAsyncManagerIntegrationFilter.doFilterInternal(WebAsyncManagerIntegrationFilter.java:62) ~[spring-security-web-6.4.4.jar:6.4.4]
	at org.springframework.web.filter.OncePerRequestFilter.doFilter(OncePerRequestFilter.java:116) ~[spring-web-6.2.5.jar:6.2.5]
	at org.springframework.security.web.ObservationFilterChainDecorator$ObservationFilter.wrapFilter(ObservationFilterChainDecorator.java:240) ~[spring-security-web-6.4.4.jar:6.4.4]
	at org.springframework.security.web.ObservationFilterChainDecorator$ObservationFilter.doFilter(ObservationFilterChainDecorator.java:227) ~[spring-security-web-6.4.4.jar:6.4.4]
	at org.springframework.security.web.ObservationFilterChainDecorator$VirtualFilterChain.doFilter(ObservationFilterChainDecorator.java:137) ~[spring-security-web-6.4.4.jar:6.4.4]
	at org.springframework.security.web.session.DisableEncodeUrlFilter.doFilterInternal(DisableEncodeUrlFilter.java:42) ~[spring-security-web-6.4.4.jar:6.4.4]
	at org.springframework.web.filter.OncePerRequestFilter.doFilter(OncePerRequestFilter.java:116) ~[spring-web-6.2.5.jar:6.2.5]
	at org.springframework.security.web.ObservationFilterChainDecorator$ObservationFilter.wrapFilter(ObservationFilterChainDecorator.java:240) ~[spring-security-web-6.4.4.jar:6.4.4]
	at org.springframework.security.web.ObservationFilterChainDecorator$AroundFilterObservation$SimpleAroundFilterObservation.lambda$wrap$0(ObservationFilterChainDecorator.java:323) ~[spring-security-web-6.4.4.jar:6.4.4]
	at org.springframework.security.web.ObservationFilterChainDecorator$ObservationFilter.doFilter(ObservationFilterChainDecorator.java:224) ~[spring-security-web-6.4.4.jar:6.4.4]
	at org.springframework.security.web.ObservationFilterChainDecorator$VirtualFilterChain.doFilter(ObservationFilterChainDecorator.java:137) ~[spring-security-web-6.4.4.jar:6.4.4]
	at org.springframework.security.web.FilterChainProxy.doFilterInternal(FilterChainProxy.java:233) ~[spring-security-web-6.4.4.jar:6.4.4]
	at org.springframework.security.web.FilterChainProxy.doFilter(FilterChainProxy.java:191) ~[spring-security-web-6.4.4.jar:6.4.4]
	at org.springframework.web.filter.CompositeFilter$VirtualFilterChain.doFilter(CompositeFilter.java:113) ~[spring-web-6.2.5.jar:6.2.5]
	at org.springframework.web.servlet.handler.HandlerMappingIntrospector.lambda$createCacheFilter$3(HandlerMappingIntrospector.java:243) ~[spring-webmvc-6.2.5.jar:6.2.5]
	at org.springframework.web.filter.CompositeFilter$VirtualFilterChain.doFilter(CompositeFilter.java:113) ~[spring-web-6.2.5.jar:6.2.5]
	at org.springframework.web.filter.CompositeFilter.doFilter(CompositeFilter.java:74) ~[spring-web-6.2.5.jar:6.2.5]
	at org.springframework.security.config.annotation.web.configuration.WebMvcSecurityConfiguration$CompositeFilterChainProxy.doFilter(WebMvcSecurityConfiguration.java:238) ~[spring-security-config-6.4.4.jar:6.4.4]
	at org.springframework.web.filter.DelegatingFilterProxy.invokeDelegate(DelegatingFilterProxy.java:362) ~[spring-web-6.2.5.jar:6.2.5]
	at org.springframework.web.filter.DelegatingFilterProxy.doFilter(DelegatingFilterProxy.java:278) ~[spring-web-6.2.5.jar:6.2.5]
	at org.apache.catalina.core.ApplicationFilterChain.internalDoFilter(ApplicationFilterChain.java:164) ~[tomcat-embed-core-10.1.36.jar:10.1.36]
	at org.apache.catalina.core.ApplicationFilterChain.doFilter(ApplicationFilterChain.java:140) ~[tomcat-embed-core-10.1.36.jar:10.1.36]
	at org.springframework.web.filter.RequestContextFilter.doFilterInternal(RequestContextFilter.java:100) ~[spring-web-6.2.5.jar:6.2.5]
	at org.springframework.web.filter.OncePerRequestFilter.doFilter(OncePerRequestFilter.java:116) ~[spring-web-6.2.5.jar:6.2.5]
	at org.apache.catalina.core.ApplicationFilterChain.internalDoFilter(ApplicationFilterChain.java:164) ~[tomcat-embed-core-10.1.36.jar:10.1.36]
	at org.apache.catalina.core.ApplicationFilterChain.doFilter(ApplicationFilterChain.java:140) ~[tomcat-embed-core-10.1.36.jar:10.1.36]
	at org.springframework.web.filter.FormContentFilter.doFilterInternal(FormContentFilter.java:93) ~[spring-web-6.2.5.jar:6.2.5]
	at org.springframework.web.filter.OncePerRequestFilter.doFilter(OncePerRequestFilter.java:116) ~[spring-web-6.2.5.jar:6.2.5]
	at org.apache.catalina.core.ApplicationFilterChain.internalDoFilter(ApplicationFilterChain.java:164) ~[tomcat-embed-core-10.1.36.jar:10.1.36]
	at org.apache.catalina.core.ApplicationFilterChain.doFilter(ApplicationFilterChain.java:140) ~[tomcat-embed-core-10.1.36.jar:10.1.36]
	at org.springframework.web.filter.ServerHttpObservationFilter.doFilterInternal(ServerHttpObservationFilter.java:114) ~[spring-web-6.2.5.jar:6.2.5]
	at org.springframework.web.filter.OncePerRequestFilter.doFilter(OncePerRequestFilter.java:116) ~[spring-web-6.2.5.jar:6.2.5]
	at org.apache.catalina.core.ApplicationFilterChain.internalDoFilter(ApplicationFilterChain.java:164) ~[tomcat-embed-core-10.1.36.jar:10.1.36]
	at org.apache.catalina.core.ApplicationFilterChain.doFilter(ApplicationFilterChain.java:140) ~[tomcat-embed-core-10.1.36.jar:10.1.36]
	at org.springframework.web.filter.CharacterEncodingFilter.doFilterInternal(CharacterEncodingFilter.java:201) ~[spring-web-6.2.5.jar:6.2.5]
	at org.springframework.web.filter.OncePerRequestFilter.doFilter(OncePerRequestFilter.java:116) ~[spring-web-6.2.5.jar:6.2.5]
	at org.apache.catalina.core.ApplicationFilterChain.internalDoFilter(ApplicationFilterChain.java:164) ~[tomcat-embed-core-10.1.36.jar:10.1.36]
	at org.apache.catalina.core.ApplicationFilterChain.doFilter(ApplicationFilterChain.java:140) ~[tomcat-embed-core-10.1.36.jar:10.1.36]
	at org.apache.catalina.core.StandardWrapperValve.invoke(StandardWrapperValve.java:167) ~[tomcat-embed-core-10.1.36.jar:10.1.36]
	at org.apache.catalina.core.StandardContextValve.invoke(StandardContextValve.java:90) ~[tomcat-embed-core-10.1.36.jar:10.1.36]
	at org.apache.catalina.authenticator.AuthenticatorBase.invoke(AuthenticatorBase.java:483) ~[tomcat-embed-core-10.1.36.jar:10.1.36]
	at org.apache.catalina.core.StandardHostValve.invoke(StandardHostValve.java:115) ~[tomcat-embed-core-10.1.36.jar:10.1.36]
	at org.apache.catalina.valves.ErrorReportValve.invoke(ErrorReportValve.java:93) ~[tomcat-embed-core-10.1.36.jar:10.1.36]
	at org.apache.catalina.core.StandardEngineValve.invoke(StandardEngineValve.java:74) ~[tomcat-embed-core-10.1.36.jar:10.1.36]
	at org.apache.catalina.connector.CoyoteAdapter.service(CoyoteAdapter.java:344) ~[tomcat-embed-core-10.1.36.jar:10.1.36]
	at org.apache.coyote.http11.Http11Processor.service(Http11Processor.java:397) ~[tomcat-embed-core-10.1.36.jar:10.1.36]
	at org.apache.coyote.AbstractProcessorLight.process(AbstractProcessorLight.java:63) ~[tomcat-embed-core-10.1.36.jar:10.1.36]
	at org.apache.coyote.AbstractProtocol$ConnectionHandler.process(AbstractProtocol.java:905) ~[tomcat-embed-core-10.1.36.jar:10.1.36]
	at org.apache.tomcat.util.net.NioEndpoint$SocketProcessor.doRun(NioEndpoint.java:1743) ~[tomcat-embed-core-10.1.36.jar:10.1.36]
	at org.apache.tomcat.util.net.SocketProcessorBase.run(SocketProcessorBase.java:52) ~[tomcat-embed-core-10.1.36.jar:10.1.36]
	at org.apache.tomcat.util.threads.ThreadPoolExecutor.runWorker(ThreadPoolExecutor.java:1190) ~[tomcat-embed-core-10.1.36.jar:10.1.36]
	at org.apache.tomcat.util.threads.ThreadPoolExecutor$Worker.run(ThreadPoolExecutor.java:659) ~[tomcat-embed-core-10.1.36.jar:10.1.36]
	at org.apache.tomcat.util.threads.TaskThread$WrappingRunnable.run(TaskThread.java:63) ~[tomcat-embed-core-10.1.36.jar:10.1.36]
	at java.base/java.lang.Thread.run(Thread.java:1583) ~[na:na]

2025-06-02T08:37:43.733+02:00 ERROR 7232 --- [backend] [http-nio-8081-exec-3] c.s.backend.security.JwtAuthEntryPoint   : responding with unauthorized error.message - Full authentication is required to access this resource
2025-06-02T08:37:44.441+02:00  INFO 7232 --- [backend] [http-nio-8081-exec-6] c.starter.backend.aspects.LoggingAspect  : Entering method: ResponseEntity com.starter.backend.controllers.AuthController.signup(SignupDto) with arguements : [com.starter.backend.dtos.SignupDto@aedc84e]
2025-06-02T08:37:44.598+02:00  INFO 7232 --- [backend] [http-nio-8081-exec-6] c.starter.backend.aspects.LoggingAspect  : Exiting method: ResponseEntity com.starter.backend.controllers.AuthController.signup(SignupDto) with error : User Role not set
2025-06-02T08:37:44.600+02:00 ERROR 7232 --- [backend] [http-nio-8081-exec-6] o.a.c.c.C.[.[.[/].[dispatcherServlet]    : Servlet.service() for servlet [dispatcherServlet] in context with path [] threw exception [Request processing failed: com.starter.backend.exceptions.ApiRequestException: User Role not set] with root cause

com.starter.backend.exceptions.ApiRequestException: User Role not set
	at com.starter.backend.controllers.AuthController.lambda$0(AuthController.java:72) ~[classes/:na]
	at java.base/java.util.Optional.orElseThrow(Optional.java:403) ~[na:na]
	at com.starter.backend.controllers.AuthController.signup(AuthController.java:72) ~[classes/:na]
	at java.base/jdk.internal.reflect.DirectMethodHandleAccessor.invoke(DirectMethodHandleAccessor.java:103) ~[na:na]
	at java.base/java.lang.reflect.Method.invoke(Method.java:580) ~[na:na]
	at org.springframework.aop.support.AopUtils.invokeJoinpointUsingReflection(AopUtils.java:359) ~[spring-aop-6.2.5.jar:6.2.5]
	at org.springframework.aop.framework.ReflectiveMethodInvocation.invokeJoinpoint(ReflectiveMethodInvocation.java:196) ~[spring-aop-6.2.5.jar:6.2.5]
	at org.springframework.aop.framework.ReflectiveMethodInvocation.proceed(ReflectiveMethodInvocation.java:163) ~[spring-aop-6.2.5.jar:6.2.5]
	at org.springframework.aop.aspectj.AspectJAfterThrowingAdvice.invoke(AspectJAfterThrowingAdvice.java:64) ~[spring-aop-6.2.5.jar:6.2.5]
	at org.springframework.aop.framework.ReflectiveMethodInvocation.proceed(ReflectiveMethodInvocation.java:184) ~[spring-aop-6.2.5.jar:6.2.5]
	at org.springframework.aop.framework.adapter.AfterReturningAdviceInterceptor.invoke(AfterReturningAdviceInterceptor.java:57) ~[spring-aop-6.2.5.jar:6.2.5]
	at org.springframework.aop.framework.ReflectiveMethodInvocation.proceed(ReflectiveMethodInvocation.java:184) ~[spring-aop-6.2.5.jar:6.2.5]
	at org.springframework.aop.framework.adapter.MethodBeforeAdviceInterceptor.invoke(MethodBeforeAdviceInterceptor.java:58) ~[spring-aop-6.2.5.jar:6.2.5]
	at org.springframework.aop.framework.ReflectiveMethodInvocation.proceed(ReflectiveMethodInvocation.java:184) ~[spring-aop-6.2.5.jar:6.2.5]
	at org.springframework.aop.interceptor.ExposeInvocationInterceptor.invoke(ExposeInvocationInterceptor.java:97) ~[spring-aop-6.2.5.jar:6.2.5]
	at org.springframework.aop.framework.ReflectiveMethodInvocation.proceed(ReflectiveMethodInvocation.java:184) ~[spring-aop-6.2.5.jar:6.2.5]
	at org.springframework.aop.framework.CglibAopProxy$DynamicAdvisedInterceptor.intercept(CglibAopProxy.java:727) ~[spring-aop-6.2.5.jar:6.2.5]
	at com.starter.backend.controllers.AuthController$$SpringCGLIB$$0.signup(<generated>) ~[classes/:na]
	at java.base/jdk.internal.reflect.DirectMethodHandleAccessor.invoke(DirectMethodHandleAccessor.java:103) ~[na:na]
	at java.base/java.lang.reflect.Method.invoke(Method.java:580) ~[na:na]
	at org.springframework.web.method.support.InvocableHandlerMethod.doInvoke(InvocableHandlerMethod.java:258) ~[spring-web-6.2.5.jar:6.2.5]
	at org.springframework.web.method.support.InvocableHandlerMethod.invokeForRequest(InvocableHandlerMethod.java:191) ~[spring-web-6.2.5.jar:6.2.5]
	at org.springframework.web.servlet.mvc.method.annotation.ServletInvocableHandlerMethod.invokeAndHandle(ServletInvocableHandlerMethod.java:118) ~[spring-webmvc-6.2.5.jar:6.2.5]
	at org.springframework.web.servlet.mvc.method.annotation.RequestMappingHandlerAdapter.invokeHandlerMethod(RequestMappingHandlerAdapter.java:986) ~[spring-webmvc-6.2.5.jar:6.2.5]
	at org.springframework.web.servlet.mvc.method.annotation.RequestMappingHandlerAdapter.handleInternal(RequestMappingHandlerAdapter.java:891) ~[spring-webmvc-6.2.5.jar:6.2.5]
	at org.springframework.web.servlet.mvc.method.AbstractHandlerMethodAdapter.handle(AbstractHandlerMethodAdapter.java:87) ~[spring-webmvc-6.2.5.jar:6.2.5]
	at org.springframework.web.servlet.DispatcherServlet.doDispatch(DispatcherServlet.java:1089) ~[spring-webmvc-6.2.5.jar:6.2.5]
	at org.springframework.web.servlet.DispatcherServlet.doService(DispatcherServlet.java:979) ~[spring-webmvc-6.2.5.jar:6.2.5]
	at org.springframework.web.servlet.FrameworkServlet.processRequest(FrameworkServlet.java:1014) ~[spring-webmvc-6.2.5.jar:6.2.5]
	at org.springframework.web.servlet.FrameworkServlet.doPost(FrameworkServlet.java:914) ~[spring-webmvc-6.2.5.jar:6.2.5]
	at jakarta.servlet.http.HttpServlet.service(HttpServlet.java:590) ~[tomcat-embed-core-10.1.36.jar:6.0]
	at org.springframework.web.servlet.FrameworkServlet.service(FrameworkServlet.java:885) ~[spring-webmvc-6.2.5.jar:6.2.5]
	at jakarta.servlet.http.HttpServlet.service(HttpServlet.java:658) ~[tomcat-embed-core-10.1.36.jar:6.0]
	at org.apache.catalina.core.ApplicationFilterChain.internalDoFilter(ApplicationFilterChain.java:195) ~[tomcat-embed-core-10.1.36.jar:10.1.36]
	at org.apache.catalina.core.ApplicationFilterChain.doFilter(ApplicationFilterChain.java:140) ~[tomcat-embed-core-10.1.36.jar:10.1.36]
	at org.apache.tomcat.websocket.server.WsFilter.doFilter(WsFilter.java:51) ~[tomcat-embed-websocket-10.1.36.jar:10.1.36]
	at org.apache.catalina.core.ApplicationFilterChain.internalDoFilter(ApplicationFilterChain.java:164) ~[tomcat-embed-core-10.1.36.jar:10.1.36]
	at org.apache.catalina.core.ApplicationFilterChain.doFilter(ApplicationFilterChain.java:140) ~[tomcat-embed-core-10.1.36.jar:10.1.36]
	at org.springframework.web.filter.OncePerRequestFilter.doFilter(OncePerRequestFilter.java:110) ~[spring-web-6.2.5.jar:6.2.5]
	at org.apache.catalina.core.ApplicationFilterChain.internalDoFilter(ApplicationFilterChain.java:164) ~[tomcat-embed-core-10.1.36.jar:10.1.36]
	at org.apache.catalina.core.ApplicationFilterChain.doFilter(ApplicationFilterChain.java:140) ~[tomcat-embed-core-10.1.36.jar:10.1.36]
	at com.starter.backend.security.JwtAuthFilter.doFilterInternal(JwtAuthFilter.java:54) ~[classes/:na]
	at org.springframework.web.filter.OncePerRequestFilter.doFilter(OncePerRequestFilter.java:116) ~[spring-web-6.2.5.jar:6.2.5]
	at org.apache.catalina.core.ApplicationFilterChain.internalDoFilter(ApplicationFilterChain.java:164) ~[tomcat-embed-core-10.1.36.jar:10.1.36]
	at org.apache.catalina.core.ApplicationFilterChain.doFilter(ApplicationFilterChain.java:140) ~[tomcat-embed-core-10.1.36.jar:10.1.36]
	at org.springframework.web.filter.CompositeFilter$VirtualFilterChain.doFilter(CompositeFilter.java:108) ~[spring-web-6.2.5.jar:6.2.5]
	at org.springframework.security.web.FilterChainProxy.lambda$doFilterInternal$3(FilterChainProxy.java:231) ~[spring-security-web-6.4.4.jar:6.4.4]
	at org.springframework.security.web.ObservationFilterChainDecorator$FilterObservation$SimpleFilterObservation.lambda$wrap$1(ObservationFilterChainDecorator.java:479) ~[spring-security-web-6.4.4.jar:6.4.4]
	at org.springframework.security.web.ObservationFilterChainDecorator$AroundFilterObservation$SimpleAroundFilterObservation.lambda$wrap$1(ObservationFilterChainDecorator.java:340) ~[spring-security-web-6.4.4.jar:6.4.4]
	at org.springframework.security.web.ObservationFilterChainDecorator.lambda$wrapSecured$0(ObservationFilterChainDecorator.java:82) ~[spring-security-web-6.4.4.jar:6.4.4]
	at org.springframework.security.web.ObservationFilterChainDecorator$VirtualFilterChain.doFilter(ObservationFilterChainDecorator.java:128) ~[spring-security-web-6.4.4.jar:6.4.4]
	at org.springframework.security.web.access.intercept.AuthorizationFilter.doFilter(AuthorizationFilter.java:101) ~[spring-security-web-6.4.4.jar:6.4.4]
	at org.springframework.security.web.ObservationFilterChainDecorator$ObservationFilter.wrapFilter(ObservationFilterChainDecorator.java:240) ~[spring-security-web-6.4.4.jar:6.4.4]
	at org.springframework.security.web.ObservationFilterChainDecorator$ObservationFilter.doFilter(ObservationFilterChainDecorator.java:227) ~[spring-security-web-6.4.4.jar:6.4.4]
	at org.springframework.security.web.ObservationFilterChainDecorator$VirtualFilterChain.doFilter(ObservationFilterChainDecorator.java:137) ~[spring-security-web-6.4.4.jar:6.4.4]
	at org.springframework.security.web.access.ExceptionTranslationFilter.doFilter(ExceptionTranslationFilter.java:126) ~[spring-security-web-6.4.4.jar:6.4.4]
	at org.springframework.security.web.access.ExceptionTranslationFilter.doFilter(ExceptionTranslationFilter.java:120) ~[spring-security-web-6.4.4.jar:6.4.4]
	at org.springframework.security.web.ObservationFilterChainDecorator$ObservationFilter.wrapFilter(ObservationFilterChainDecorator.java:240) ~[spring-security-web-6.4.4.jar:6.4.4]
	at org.springframework.security.web.ObservationFilterChainDecorator$ObservationFilter.doFilter(ObservationFilterChainDecorator.java:227) ~[spring-security-web-6.4.4.jar:6.4.4]
	at org.springframework.security.web.ObservationFilterChainDecorator$VirtualFilterChain.doFilter(ObservationFilterChainDecorator.java:137) ~[spring-security-web-6.4.4.jar:6.4.4]
	at org.springframework.security.web.session.SessionManagementFilter.doFilter(SessionManagementFilter.java:131) ~[spring-security-web-6.4.4.jar:6.4.4]
	at org.springframework.security.web.session.SessionManagementFilter.doFilter(SessionManagementFilter.java:85) ~[spring-security-web-6.4.4.jar:6.4.4]
	at org.springframework.security.web.ObservationFilterChainDecorator$ObservationFilter.wrapFilter(ObservationFilterChainDecorator.java:240) ~[spring-security-web-6.4.4.jar:6.4.4]
	at org.springframework.security.web.ObservationFilterChainDecorator$ObservationFilter.doFilter(ObservationFilterChainDecorator.java:227) ~[spring-security-web-6.4.4.jar:6.4.4]
	at org.springframework.security.web.ObservationFilterChainDecorator$VirtualFilterChain.doFilter(ObservationFilterChainDecorator.java:137) ~[spring-security-web-6.4.4.jar:6.4.4]
	at org.springframework.security.web.authentication.AnonymousAuthenticationFilter.doFilter(AnonymousAuthenticationFilter.java:100) ~[spring-security-web-6.4.4.jar:6.4.4]
	at org.springframework.security.web.ObservationFilterChainDecorator$ObservationFilter.wrapFilter(ObservationFilterChainDecorator.java:240) ~[spring-security-web-6.4.4.jar:6.4.4]
	at org.springframework.security.web.ObservationFilterChainDecorator$ObservationFilter.doFilter(ObservationFilterChainDecorator.java:227) ~[spring-security-web-6.4.4.jar:6.4.4]
	at org.springframework.security.web.ObservationFilterChainDecorator$VirtualFilterChain.doFilter(ObservationFilterChainDecorator.java:137) ~[spring-security-web-6.4.4.jar:6.4.4]
	at org.springframework.security.web.servletapi.SecurityContextHolderAwareRequestFilter.doFilter(SecurityContextHolderAwareRequestFilter.java:179) ~[spring-security-web-6.4.4.jar:6.4.4]
	at org.springframework.security.web.ObservationFilterChainDecorator$ObservationFilter.wrapFilter(ObservationFilterChainDecorator.java:240) ~[spring-security-web-6.4.4.jar:6.4.4]
	at org.springframework.security.web.ObservationFilterChainDecorator$ObservationFilter.doFilter(ObservationFilterChainDecorator.java:227) ~[spring-security-web-6.4.4.jar:6.4.4]
	at org.springframework.security.web.ObservationFilterChainDecorator$VirtualFilterChain.doFilter(ObservationFilterChainDecorator.java:137) ~[spring-security-web-6.4.4.jar:6.4.4]
	at org.springframework.security.web.savedrequest.RequestCacheAwareFilter.doFilter(RequestCacheAwareFilter.java:63) ~[spring-security-web-6.4.4.jar:6.4.4]
	at org.springframework.security.web.ObservationFilterChainDecorator$ObservationFilter.wrapFilter(ObservationFilterChainDecorator.java:240) ~[spring-security-web-6.4.4.jar:6.4.4]
	at org.springframework.security.web.ObservationFilterChainDecorator$ObservationFilter.doFilter(ObservationFilterChainDecorator.java:227) ~[spring-security-web-6.4.4.jar:6.4.4]
	at org.springframework.security.web.ObservationFilterChainDecorator$VirtualFilterChain.doFilter(ObservationFilterChainDecorator.java:137) ~[spring-security-web-6.4.4.jar:6.4.4]
	at com.starter.backend.security.JwtAuthFilter.doFilterInternal(JwtAuthFilter.java:54) ~[classes/:na]
	at org.springframework.web.filter.OncePerRequestFilter.doFilter(OncePerRequestFilter.java:116) ~[spring-web-6.2.5.jar:6.2.5]
	at org.springframework.security.web.ObservationFilterChainDecorator$ObservationFilter.wrapFilter(ObservationFilterChainDecorator.java:240) ~[spring-security-web-6.4.4.jar:6.4.4]
	at org.springframework.security.web.ObservationFilterChainDecorator$ObservationFilter.doFilter(ObservationFilterChainDecorator.java:227) ~[spring-security-web-6.4.4.jar:6.4.4]
	at org.springframework.security.web.ObservationFilterChainDecorator$VirtualFilterChain.doFilter(ObservationFilterChainDecorator.java:137) ~[spring-security-web-6.4.4.jar:6.4.4]
	at org.springframework.security.web.authentication.logout.LogoutFilter.doFilter(LogoutFilter.java:107) ~[spring-security-web-6.4.4.jar:6.4.4]
	at org.springframework.security.web.authentication.logout.LogoutFilter.doFilter(LogoutFilter.java:93) ~[spring-security-web-6.4.4.jar:6.4.4]
	at org.springframework.security.web.ObservationFilterChainDecorator$ObservationFilter.wrapFilter(ObservationFilterChainDecorator.java:240) ~[spring-security-web-6.4.4.jar:6.4.4]
	at org.springframework.security.web.ObservationFilterChainDecorator$ObservationFilter.doFilter(ObservationFilterChainDecorator.java:227) ~[spring-security-web-6.4.4.jar:6.4.4]
	at org.springframework.security.web.ObservationFilterChainDecorator$VirtualFilterChain.doFilter(ObservationFilterChainDecorator.java:137) ~[spring-security-web-6.4.4.jar:6.4.4]
	at org.springframework.web.filter.CorsFilter.doFilterInternal(CorsFilter.java:91) ~[spring-web-6.2.5.jar:6.2.5]
	at org.springframework.web.filter.OncePerRequestFilter.doFilter(OncePerRequestFilter.java:116) ~[spring-web-6.2.5.jar:6.2.5]
	at org.springframework.security.web.ObservationFilterChainDecorator$ObservationFilter.wrapFilter(ObservationFilterChainDecorator.java:240) ~[spring-security-web-6.4.4.jar:6.4.4]
	at org.springframework.security.web.ObservationFilterChainDecorator$ObservationFilter.doFilter(ObservationFilterChainDecorator.java:227) ~[spring-security-web-6.4.4.jar:6.4.4]
	at org.springframework.security.web.ObservationFilterChainDecorator$VirtualFilterChain.doFilter(ObservationFilterChainDecorator.java:137) ~[spring-security-web-6.4.4.jar:6.4.4]
	at org.springframework.security.web.header.HeaderWriterFilter.doHeadersAfter(HeaderWriterFilter.java:90) ~[spring-security-web-6.4.4.jar:6.4.4]
	at org.springframework.security.web.header.HeaderWriterFilter.doFilterInternal(HeaderWriterFilter.java:75) ~[spring-security-web-6.4.4.jar:6.4.4]
	at org.springframework.web.filter.OncePerRequestFilter.doFilter(OncePerRequestFilter.java:116) ~[spring-web-6.2.5.jar:6.2.5]
	at org.springframework.security.web.ObservationFilterChainDecorator$ObservationFilter.wrapFilter(ObservationFilterChainDecorator.java:240) ~[spring-security-web-6.4.4.jar:6.4.4]
	at org.springframework.security.web.ObservationFilterChainDecorator$ObservationFilter.doFilter(ObservationFilterChainDecorator.java:227) ~[spring-security-web-6.4.4.jar:6.4.4]
	at org.springframework.security.web.ObservationFilterChainDecorator$VirtualFilterChain.doFilter(ObservationFilterChainDecorator.java:137) ~[spring-security-web-6.4.4.jar:6.4.4]
	at org.springframework.security.web.context.SecurityContextHolderFilter.doFilter(SecurityContextHolderFilter.java:82) ~[spring-security-web-6.4.4.jar:6.4.4]
	at org.springframework.security.web.context.SecurityContextHolderFilter.doFilter(SecurityContextHolderFilter.java:69) ~[spring-security-web-6.4.4.jar:6.4.4]
	at org.springframework.security.web.ObservationFilterChainDecorator$ObservationFilter.wrapFilter(ObservationFilterChainDecorator.java:240) ~[spring-security-web-6.4.4.jar:6.4.4]
	at org.springframework.security.web.ObservationFilterChainDecorator$ObservationFilter.doFilter(ObservationFilterChainDecorator.java:227) ~[spring-security-web-6.4.4.jar:6.4.4]
	at org.springframework.security.web.ObservationFilterChainDecorator$VirtualFilterChain.doFilter(ObservationFilterChainDecorator.java:137) ~[spring-security-web-6.4.4.jar:6.4.4]
	at org.springframework.security.web.context.request.async.WebAsyncManagerIntegrationFilter.doFilterInternal(WebAsyncManagerIntegrationFilter.java:62) ~[spring-security-web-6.4.4.jar:6.4.4]
	at org.springframework.web.filter.OncePerRequestFilter.doFilter(OncePerRequestFilter.java:116) ~[spring-web-6.2.5.jar:6.2.5]
	at org.springframework.security.web.ObservationFilterChainDecorator$ObservationFilter.wrapFilter(ObservationFilterChainDecorator.java:240) ~[spring-security-web-6.4.4.jar:6.4.4]
	at org.springframework.security.web.ObservationFilterChainDecorator$ObservationFilter.doFilter(ObservationFilterChainDecorator.java:227) ~[spring-security-web-6.4.4.jar:6.4.4]
	at org.springframework.security.web.ObservationFilterChainDecorator$VirtualFilterChain.doFilter(ObservationFilterChainDecorator.java:137) ~[spring-security-web-6.4.4.jar:6.4.4]
	at org.springframework.security.web.session.DisableEncodeUrlFilter.doFilterInternal(DisableEncodeUrlFilter.java:42) ~[spring-security-web-6.4.4.jar:6.4.4]
	at org.springframework.web.filter.OncePerRequestFilter.doFilter(OncePerRequestFilter.java:116) ~[spring-web-6.2.5.jar:6.2.5]
	at org.springframework.security.web.ObservationFilterChainDecorator$ObservationFilter.wrapFilter(ObservationFilterChainDecorator.java:240) ~[spring-security-web-6.4.4.jar:6.4.4]
	at org.springframework.security.web.ObservationFilterChainDecorator$AroundFilterObservation$SimpleAroundFilterObservation.lambda$wrap$0(ObservationFilterChainDecorator.java:323) ~[spring-security-web-6.4.4.jar:6.4.4]
	at org.springframework.security.web.ObservationFilterChainDecorator$ObservationFilter.doFilter(ObservationFilterChainDecorator.java:224) ~[spring-security-web-6.4.4.jar:6.4.4]
	at org.springframework.security.web.ObservationFilterChainDecorator$VirtualFilterChain.doFilter(ObservationFilterChainDecorator.java:137) ~[spring-security-web-6.4.4.jar:6.4.4]
	at org.springframework.security.web.FilterChainProxy.doFilterInternal(FilterChainProxy.java:233) ~[spring-security-web-6.4.4.jar:6.4.4]
	at org.springframework.security.web.FilterChainProxy.doFilter(FilterChainProxy.java:191) ~[spring-security-web-6.4.4.jar:6.4.4]
	at org.springframework.web.filter.CompositeFilter$VirtualFilterChain.doFilter(CompositeFilter.java:113) ~[spring-web-6.2.5.jar:6.2.5]
	at org.springframework.web.servlet.handler.HandlerMappingIntrospector.lambda$createCacheFilter$3(HandlerMappingIntrospector.java:243) ~[spring-webmvc-6.2.5.jar:6.2.5]
	at org.springframework.web.filter.CompositeFilter$VirtualFilterChain.doFilter(CompositeFilter.java:113) ~[spring-web-6.2.5.jar:6.2.5]
	at org.springframework.web.filter.CompositeFilter.doFilter(CompositeFilter.java:74) ~[spring-web-6.2.5.jar:6.2.5]
	at org.springframework.security.config.annotation.web.configuration.WebMvcSecurityConfiguration$CompositeFilterChainProxy.doFilter(WebMvcSecurityConfiguration.java:238) ~[spring-security-config-6.4.4.jar:6.4.4]
	at org.springframework.web.filter.DelegatingFilterProxy.invokeDelegate(DelegatingFilterProxy.java:362) ~[spring-web-6.2.5.jar:6.2.5]
	at org.springframework.web.filter.DelegatingFilterProxy.doFilter(DelegatingFilterProxy.java:278) ~[spring-web-6.2.5.jar:6.2.5]
	at org.apache.catalina.core.ApplicationFilterChain.internalDoFilter(ApplicationFilterChain.java:164) ~[tomcat-embed-core-10.1.36.jar:10.1.36]
	at org.apache.catalina.core.ApplicationFilterChain.doFilter(ApplicationFilterChain.java:140) ~[tomcat-embed-core-10.1.36.jar:10.1.36]
	at org.springframework.web.filter.RequestContextFilter.doFilterInternal(RequestContextFilter.java:100) ~[spring-web-6.2.5.jar:6.2.5]
	at org.springframework.web.filter.OncePerRequestFilter.doFilter(OncePerRequestFilter.java:116) ~[spring-web-6.2.5.jar:6.2.5]
	at org.apache.catalina.core.ApplicationFilterChain.internalDoFilter(ApplicationFilterChain.java:164) ~[tomcat-embed-core-10.1.36.jar:10.1.36]
	at org.apache.catalina.core.ApplicationFilterChain.doFilter(ApplicationFilterChain.java:140) ~[tomcat-embed-core-10.1.36.jar:10.1.36]
	at org.springframework.web.filter.FormContentFilter.doFilterInternal(FormContentFilter.java:93) ~[spring-web-6.2.5.jar:6.2.5]
	at org.springframework.web.filter.OncePerRequestFilter.doFilter(OncePerRequestFilter.java:116) ~[spring-web-6.2.5.jar:6.2.5]
	at org.apache.catalina.core.ApplicationFilterChain.internalDoFilter(ApplicationFilterChain.java:164) ~[tomcat-embed-core-10.1.36.jar:10.1.36]
	at org.apache.catalina.core.ApplicationFilterChain.doFilter(ApplicationFilterChain.java:140) ~[tomcat-embed-core-10.1.36.jar:10.1.36]
	at org.springframework.web.filter.ServerHttpObservationFilter.doFilterInternal(ServerHttpObservationFilter.java:114) ~[spring-web-6.2.5.jar:6.2.5]
	at org.springframework.web.filter.OncePerRequestFilter.doFilter(OncePerRequestFilter.java:116) ~[spring-web-6.2.5.jar:6.2.5]
	at org.apache.catalina.core.ApplicationFilterChain.internalDoFilter(ApplicationFilterChain.java:164) ~[tomcat-embed-core-10.1.36.jar:10.1.36]
	at org.apache.catalina.core.ApplicationFilterChain.doFilter(ApplicationFilterChain.java:140) ~[tomcat-embed-core-10.1.36.jar:10.1.36]
	at org.springframework.web.filter.CharacterEncodingFilter.doFilterInternal(CharacterEncodingFilter.java:201) ~[spring-web-6.2.5.jar:6.2.5]
	at org.springframework.web.filter.OncePerRequestFilter.doFilter(OncePerRequestFilter.java:116) ~[spring-web-6.2.5.jar:6.2.5]
	at org.apache.catalina.core.ApplicationFilterChain.internalDoFilter(ApplicationFilterChain.java:164) ~[tomcat-embed-core-10.1.36.jar:10.1.36]
	at org.apache.catalina.core.ApplicationFilterChain.doFilter(ApplicationFilterChain.java:140) ~[tomcat-embed-core-10.1.36.jar:10.1.36]
	at org.apache.catalina.core.StandardWrapperValve.invoke(StandardWrapperValve.java:167) ~[tomcat-embed-core-10.1.36.jar:10.1.36]
	at org.apache.catalina.core.StandardContextValve.invoke(StandardContextValve.java:90) ~[tomcat-embed-core-10.1.36.jar:10.1.36]
	at org.apache.catalina.authenticator.AuthenticatorBase.invoke(AuthenticatorBase.java:483) ~[tomcat-embed-core-10.1.36.jar:10.1.36]
	at org.apache.catalina.core.StandardHostValve.invoke(StandardHostValve.java:115) ~[tomcat-embed-core-10.1.36.jar:10.1.36]
	at org.apache.catalina.valves.ErrorReportValve.invoke(ErrorReportValve.java:93) ~[tomcat-embed-core-10.1.36.jar:10.1.36]
	at org.apache.catalina.core.StandardEngineValve.invoke(StandardEngineValve.java:74) ~[tomcat-embed-core-10.1.36.jar:10.1.36]
	at org.apache.catalina.connector.CoyoteAdapter.service(CoyoteAdapter.java:344) ~[tomcat-embed-core-10.1.36.jar:10.1.36]
	at org.apache.coyote.http11.Http11Processor.service(Http11Processor.java:397) ~[tomcat-embed-core-10.1.36.jar:10.1.36]
	at org.apache.coyote.AbstractProcessorLight.process(AbstractProcessorLight.java:63) ~[tomcat-embed-core-10.1.36.jar:10.1.36]
	at org.apache.coyote.AbstractProtocol$ConnectionHandler.process(AbstractProtocol.java:905) ~[tomcat-embed-core-10.1.36.jar:10.1.36]
	at org.apache.tomcat.util.net.NioEndpoint$SocketProcessor.doRun(NioEndpoint.java:1743) ~[tomcat-embed-core-10.1.36.jar:10.1.36]
	at org.apache.tomcat.util.net.SocketProcessorBase.run(SocketProcessorBase.java:52) ~[tomcat-embed-core-10.1.36.jar:10.1.36]
	at org.apache.tomcat.util.threads.ThreadPoolExecutor.runWorker(ThreadPoolExecutor.java:1190) ~[tomcat-embed-core-10.1.36.jar:10.1.36]
	at org.apache.tomcat.util.threads.ThreadPoolExecutor$Worker.run(ThreadPoolExecutor.java:659) ~[tomcat-embed-core-10.1.36.jar:10.1.36]
	at org.apache.tomcat.util.threads.TaskThread$WrappingRunnable.run(TaskThread.java:63) ~[tomcat-embed-core-10.1.36.jar:10.1.36]
	at java.base/java.lang.Thread.run(Thread.java:1583) ~[na:na]

2025-06-02T08:37:44.604+02:00 ERROR 7232 --- [backend] [http-nio-8081-exec-6] c.s.backend.security.JwtAuthEntryPoint   : responding with unauthorized error.message - Full authentication is required to access this resource
2025-06-02T08:37:45.271+02:00  INFO 7232 --- [backend] [http-nio-8081-exec-7] c.starter.backend.aspects.LoggingAspect  : Entering method: ResponseEntity com.starter.backend.controllers.AuthController.signup(SignupDto) with arguements : [com.starter.backend.dtos.SignupDto@30c02298]
2025-06-02T08:37:45.387+02:00  INFO 7232 --- [backend] [http-nio-8081-exec-7] c.starter.backend.aspects.LoggingAspect  : Exiting method: ResponseEntity com.starter.backend.controllers.AuthController.signup(SignupDto) with error : User Role not set
2025-06-02T08:37:45.388+02:00 ERROR 7232 --- [backend] [http-nio-8081-exec-7] o.a.c.c.C.[.[.[/].[dispatcherServlet]    : Servlet.service() for servlet [dispatcherServlet] in context with path [] threw exception [Request processing failed: com.starter.backend.exceptions.ApiRequestException: User Role not set] with root cause

com.starter.backend.exceptions.ApiRequestException: User Role not set
	at com.starter.backend.controllers.AuthController.lambda$0(AuthController.java:72) ~[classes/:na]
	at java.base/java.util.Optional.orElseThrow(Optional.java:403) ~[na:na]
	at com.starter.backend.controllers.AuthController.signup(AuthController.java:72) ~[classes/:na]
	at java.base/jdk.internal.reflect.DirectMethodHandleAccessor.invoke(DirectMethodHandleAccessor.java:103) ~[na:na]
	at java.base/java.lang.reflect.Method.invoke(Method.java:580) ~[na:na]
	at org.springframework.aop.support.AopUtils.invokeJoinpointUsingReflection(AopUtils.java:359) ~[spring-aop-6.2.5.jar:6.2.5]
	at org.springframework.aop.framework.ReflectiveMethodInvocation.invokeJoinpoint(ReflectiveMethodInvocation.java:196) ~[spring-aop-6.2.5.jar:6.2.5]
	at org.springframework.aop.framework.ReflectiveMethodInvocation.proceed(ReflectiveMethodInvocation.java:163) ~[spring-aop-6.2.5.jar:6.2.5]
	at org.springframework.aop.aspectj.AspectJAfterThrowingAdvice.invoke(AspectJAfterThrowingAdvice.java:64) ~[spring-aop-6.2.5.jar:6.2.5]
	at org.springframework.aop.framework.ReflectiveMethodInvocation.proceed(ReflectiveMethodInvocation.java:184) ~[spring-aop-6.2.5.jar:6.2.5]
	at org.springframework.aop.framework.adapter.AfterReturningAdviceInterceptor.invoke(AfterReturningAdviceInterceptor.java:57) ~[spring-aop-6.2.5.jar:6.2.5]
	at org.springframework.aop.framework.ReflectiveMethodInvocation.proceed(ReflectiveMethodInvocation.java:184) ~[spring-aop-6.2.5.jar:6.2.5]
	at org.springframework.aop.framework.adapter.MethodBeforeAdviceInterceptor.invoke(MethodBeforeAdviceInterceptor.java:58) ~[spring-aop-6.2.5.jar:6.2.5]
	at org.springframework.aop.framework.ReflectiveMethodInvocation.proceed(ReflectiveMethodInvocation.java:184) ~[spring-aop-6.2.5.jar:6.2.5]
	at org.springframework.aop.interceptor.ExposeInvocationInterceptor.invoke(ExposeInvocationInterceptor.java:97) ~[spring-aop-6.2.5.jar:6.2.5]
	at org.springframework.aop.framework.ReflectiveMethodInvocation.proceed(ReflectiveMethodInvocation.java:184) ~[spring-aop-6.2.5.jar:6.2.5]
	at org.springframework.aop.framework.CglibAopProxy$DynamicAdvisedInterceptor.intercept(CglibAopProxy.java:727) ~[spring-aop-6.2.5.jar:6.2.5]
	at com.starter.backend.controllers.AuthController$$SpringCGLIB$$0.signup(<generated>) ~[classes/:na]
	at java.base/jdk.internal.reflect.DirectMethodHandleAccessor.invoke(DirectMethodHandleAccessor.java:103) ~[na:na]
	at java.base/java.lang.reflect.Method.invoke(Method.java:580) ~[na:na]
	at org.springframework.web.method.support.InvocableHandlerMethod.doInvoke(InvocableHandlerMethod.java:258) ~[spring-web-6.2.5.jar:6.2.5]
	at org.springframework.web.method.support.InvocableHandlerMethod.invokeForRequest(InvocableHandlerMethod.java:191) ~[spring-web-6.2.5.jar:6.2.5]
	at org.springframework.web.servlet.mvc.method.annotation.ServletInvocableHandlerMethod.invokeAndHandle(ServletInvocableHandlerMethod.java:118) ~[spring-webmvc-6.2.5.jar:6.2.5]
	at org.springframework.web.servlet.mvc.method.annotation.RequestMappingHandlerAdapter.invokeHandlerMethod(RequestMappingHandlerAdapter.java:986) ~[spring-webmvc-6.2.5.jar:6.2.5]
	at org.springframework.web.servlet.mvc.method.annotation.RequestMappingHandlerAdapter.handleInternal(RequestMappingHandlerAdapter.java:891) ~[spring-webmvc-6.2.5.jar:6.2.5]
	at org.springframework.web.servlet.mvc.method.AbstractHandlerMethodAdapter.handle(AbstractHandlerMethodAdapter.java:87) ~[spring-webmvc-6.2.5.jar:6.2.5]
	at org.springframework.web.servlet.DispatcherServlet.doDispatch(DispatcherServlet.java:1089) ~[spring-webmvc-6.2.5.jar:6.2.5]
	at org.springframework.web.servlet.DispatcherServlet.doService(DispatcherServlet.java:979) ~[spring-webmvc-6.2.5.jar:6.2.5]
	at org.springframework.web.servlet.FrameworkServlet.processRequest(FrameworkServlet.java:1014) ~[spring-webmvc-6.2.5.jar:6.2.5]
	at org.springframework.web.servlet.FrameworkServlet.doPost(FrameworkServlet.java:914) ~[spring-webmvc-6.2.5.jar:6.2.5]
	at jakarta.servlet.http.HttpServlet.service(HttpServlet.java:590) ~[tomcat-embed-core-10.1.36.jar:6.0]
	at org.springframework.web.servlet.FrameworkServlet.service(FrameworkServlet.java:885) ~[spring-webmvc-6.2.5.jar:6.2.5]
	at jakarta.servlet.http.HttpServlet.service(HttpServlet.java:658) ~[tomcat-embed-core-10.1.36.jar:6.0]
	at org.apache.catalina.core.ApplicationFilterChain.internalDoFilter(ApplicationFilterChain.java:195) ~[tomcat-embed-core-10.1.36.jar:10.1.36]
	at org.apache.catalina.core.ApplicationFilterChain.doFilter(ApplicationFilterChain.java:140) ~[tomcat-embed-core-10.1.36.jar:10.1.36]
	at org.apache.tomcat.websocket.server.WsFilter.doFilter(WsFilter.java:51) ~[tomcat-embed-websocket-10.1.36.jar:10.1.36]
	at org.apache.catalina.core.ApplicationFilterChain.internalDoFilter(ApplicationFilterChain.java:164) ~[tomcat-embed-core-10.1.36.jar:10.1.36]
	at org.apache.catalina.core.ApplicationFilterChain.doFilter(ApplicationFilterChain.java:140) ~[tomcat-embed-core-10.1.36.jar:10.1.36]
	at org.springframework.web.filter.OncePerRequestFilter.doFilter(OncePerRequestFilter.java:110) ~[spring-web-6.2.5.jar:6.2.5]
	at org.apache.catalina.core.ApplicationFilterChain.internalDoFilter(ApplicationFilterChain.java:164) ~[tomcat-embed-core-10.1.36.jar:10.1.36]
	at org.apache.catalina.core.ApplicationFilterChain.doFilter(ApplicationFilterChain.java:140) ~[tomcat-embed-core-10.1.36.jar:10.1.36]
	at com.starter.backend.security.JwtAuthFilter.doFilterInternal(JwtAuthFilter.java:54) ~[classes/:na]
	at org.springframework.web.filter.OncePerRequestFilter.doFilter(OncePerRequestFilter.java:116) ~[spring-web-6.2.5.jar:6.2.5]
	at org.apache.catalina.core.ApplicationFilterChain.internalDoFilter(ApplicationFilterChain.java:164) ~[tomcat-embed-core-10.1.36.jar:10.1.36]
	at org.apache.catalina.core.ApplicationFilterChain.doFilter(ApplicationFilterChain.java:140) ~[tomcat-embed-core-10.1.36.jar:10.1.36]
	at org.springframework.web.filter.CompositeFilter$VirtualFilterChain.doFilter(CompositeFilter.java:108) ~[spring-web-6.2.5.jar:6.2.5]
	at org.springframework.security.web.FilterChainProxy.lambda$doFilterInternal$3(FilterChainProxy.java:231) ~[spring-security-web-6.4.4.jar:6.4.4]
	at org.springframework.security.web.ObservationFilterChainDecorator$FilterObservation$SimpleFilterObservation.lambda$wrap$1(ObservationFilterChainDecorator.java:479) ~[spring-security-web-6.4.4.jar:6.4.4]
	at org.springframework.security.web.ObservationFilterChainDecorator$AroundFilterObservation$SimpleAroundFilterObservation.lambda$wrap$1(ObservationFilterChainDecorator.java:340) ~[spring-security-web-6.4.4.jar:6.4.4]
	at org.springframework.security.web.ObservationFilterChainDecorator.lambda$wrapSecured$0(ObservationFilterChainDecorator.java:82) ~[spring-security-web-6.4.4.jar:6.4.4]
	at org.springframework.security.web.ObservationFilterChainDecorator$VirtualFilterChain.doFilter(ObservationFilterChainDecorator.java:128) ~[spring-security-web-6.4.4.jar:6.4.4]
	at org.springframework.security.web.access.intercept.AuthorizationFilter.doFilter(AuthorizationFilter.java:101) ~[spring-security-web-6.4.4.jar:6.4.4]
	at org.springframework.security.web.ObservationFilterChainDecorator$ObservationFilter.wrapFilter(ObservationFilterChainDecorator.java:240) ~[spring-security-web-6.4.4.jar:6.4.4]
	at org.springframework.security.web.ObservationFilterChainDecorator$ObservationFilter.doFilter(ObservationFilterChainDecorator.java:227) ~[spring-security-web-6.4.4.jar:6.4.4]
	at org.springframework.security.web.ObservationFilterChainDecorator$VirtualFilterChain.doFilter(ObservationFilterChainDecorator.java:137) ~[spring-security-web-6.4.4.jar:6.4.4]
	at org.springframework.security.web.access.ExceptionTranslationFilter.doFilter(ExceptionTranslationFilter.java:126) ~[spring-security-web-6.4.4.jar:6.4.4]
	at org.springframework.security.web.access.ExceptionTranslationFilter.doFilter(ExceptionTranslationFilter.java:120) ~[spring-security-web-6.4.4.jar:6.4.4]
	at org.springframework.security.web.ObservationFilterChainDecorator$ObservationFilter.wrapFilter(ObservationFilterChainDecorator.java:240) ~[spring-security-web-6.4.4.jar:6.4.4]
	at org.springframework.security.web.ObservationFilterChainDecorator$ObservationFilter.doFilter(ObservationFilterChainDecorator.java:227) ~[spring-security-web-6.4.4.jar:6.4.4]
	at org.springframework.security.web.ObservationFilterChainDecorator$VirtualFilterChain.doFilter(ObservationFilterChainDecorator.java:137) ~[spring-security-web-6.4.4.jar:6.4.4]
	at org.springframework.security.web.session.SessionManagementFilter.doFilter(SessionManagementFilter.java:131) ~[spring-security-web-6.4.4.jar:6.4.4]
	at org.springframework.security.web.session.SessionManagementFilter.doFilter(SessionManagementFilter.java:85) ~[spring-security-web-6.4.4.jar:6.4.4]
	at org.springframework.security.web.ObservationFilterChainDecorator$ObservationFilter.wrapFilter(ObservationFilterChainDecorator.java:240) ~[spring-security-web-6.4.4.jar:6.4.4]
	at org.springframework.security.web.ObservationFilterChainDecorator$ObservationFilter.doFilter(ObservationFilterChainDecorator.java:227) ~[spring-security-web-6.4.4.jar:6.4.4]
	at org.springframework.security.web.ObservationFilterChainDecorator$VirtualFilterChain.doFilter(ObservationFilterChainDecorator.java:137) ~[spring-security-web-6.4.4.jar:6.4.4]
	at org.springframework.security.web.authentication.AnonymousAuthenticationFilter.doFilter(AnonymousAuthenticationFilter.java:100) ~[spring-security-web-6.4.4.jar:6.4.4]
	at org.springframework.security.web.ObservationFilterChainDecorator$ObservationFilter.wrapFilter(ObservationFilterChainDecorator.java:240) ~[spring-security-web-6.4.4.jar:6.4.4]
	at org.springframework.security.web.ObservationFilterChainDecorator$ObservationFilter.doFilter(ObservationFilterChainDecorator.java:227) ~[spring-security-web-6.4.4.jar:6.4.4]
	at org.springframework.security.web.ObservationFilterChainDecorator$VirtualFilterChain.doFilter(ObservationFilterChainDecorator.java:137) ~[spring-security-web-6.4.4.jar:6.4.4]
	at org.springframework.security.web.servletapi.SecurityContextHolderAwareRequestFilter.doFilter(SecurityContextHolderAwareRequestFilter.java:179) ~[spring-security-web-6.4.4.jar:6.4.4]
	at org.springframework.security.web.ObservationFilterChainDecorator$ObservationFilter.wrapFilter(ObservationFilterChainDecorator.java:240) ~[spring-security-web-6.4.4.jar:6.4.4]
	at org.springframework.security.web.ObservationFilterChainDecorator$ObservationFilter.doFilter(ObservationFilterChainDecorator.java:227) ~[spring-security-web-6.4.4.jar:6.4.4]
	at org.springframework.security.web.ObservationFilterChainDecorator$VirtualFilterChain.doFilter(ObservationFilterChainDecorator.java:137) ~[spring-security-web-6.4.4.jar:6.4.4]
	at org.springframework.security.web.savedrequest.RequestCacheAwareFilter.doFilter(RequestCacheAwareFilter.java:63) ~[spring-security-web-6.4.4.jar:6.4.4]
	at org.springframework.security.web.ObservationFilterChainDecorator$ObservationFilter.wrapFilter(ObservationFilterChainDecorator.java:240) ~[spring-security-web-6.4.4.jar:6.4.4]
	at org.springframework.security.web.ObservationFilterChainDecorator$ObservationFilter.doFilter(ObservationFilterChainDecorator.java:227) ~[spring-security-web-6.4.4.jar:6.4.4]
	at org.springframework.security.web.ObservationFilterChainDecorator$VirtualFilterChain.doFilter(ObservationFilterChainDecorator.java:137) ~[spring-security-web-6.4.4.jar:6.4.4]
	at com.starter.backend.security.JwtAuthFilter.doFilterInternal(JwtAuthFilter.java:54) ~[classes/:na]
	at org.springframework.web.filter.OncePerRequestFilter.doFilter(OncePerRequestFilter.java:116) ~[spring-web-6.2.5.jar:6.2.5]
	at org.springframework.security.web.ObservationFilterChainDecorator$ObservationFilter.wrapFilter(ObservationFilterChainDecorator.java:240) ~[spring-security-web-6.4.4.jar:6.4.4]
	at org.springframework.security.web.ObservationFilterChainDecorator$ObservationFilter.doFilter(ObservationFilterChainDecorator.java:227) ~[spring-security-web-6.4.4.jar:6.4.4]
	at org.springframework.security.web.ObservationFilterChainDecorator$VirtualFilterChain.doFilter(ObservationFilterChainDecorator.java:137) ~[spring-security-web-6.4.4.jar:6.4.4]
	at org.springframework.security.web.authentication.logout.LogoutFilter.doFilter(LogoutFilter.java:107) ~[spring-security-web-6.4.4.jar:6.4.4]
	at org.springframework.security.web.authentication.logout.LogoutFilter.doFilter(LogoutFilter.java:93) ~[spring-security-web-6.4.4.jar:6.4.4]
	at org.springframework.security.web.ObservationFilterChainDecorator$ObservationFilter.wrapFilter(ObservationFilterChainDecorator.java:240) ~[spring-security-web-6.4.4.jar:6.4.4]
	at org.springframework.security.web.ObservationFilterChainDecorator$ObservationFilter.doFilter(ObservationFilterChainDecorator.java:227) ~[spring-security-web-6.4.4.jar:6.4.4]
	at org.springframework.security.web.ObservationFilterChainDecorator$VirtualFilterChain.doFilter(ObservationFilterChainDecorator.java:137) ~[spring-security-web-6.4.4.jar:6.4.4]
	at org.springframework.web.filter.CorsFilter.doFilterInternal(CorsFilter.java:91) ~[spring-web-6.2.5.jar:6.2.5]
	at org.springframework.web.filter.OncePerRequestFilter.doFilter(OncePerRequestFilter.java:116) ~[spring-web-6.2.5.jar:6.2.5]
	at org.springframework.security.web.ObservationFilterChainDecorator$ObservationFilter.wrapFilter(ObservationFilterChainDecorator.java:240) ~[spring-security-web-6.4.4.jar:6.4.4]
	at org.springframework.security.web.ObservationFilterChainDecorator$ObservationFilter.doFilter(ObservationFilterChainDecorator.java:227) ~[spring-security-web-6.4.4.jar:6.4.4]
	at org.springframework.security.web.ObservationFilterChainDecorator$VirtualFilterChain.doFilter(ObservationFilterChainDecorator.java:137) ~[spring-security-web-6.4.4.jar:6.4.4]
	at org.springframework.security.web.header.HeaderWriterFilter.doHeadersAfter(HeaderWriterFilter.java:90) ~[spring-security-web-6.4.4.jar:6.4.4]
	at org.springframework.security.web.header.HeaderWriterFilter.doFilterInternal(HeaderWriterFilter.java:75) ~[spring-security-web-6.4.4.jar:6.4.4]
	at org.springframework.web.filter.OncePerRequestFilter.doFilter(OncePerRequestFilter.java:116) ~[spring-web-6.2.5.jar:6.2.5]
	at org.springframework.security.web.ObservationFilterChainDecorator$ObservationFilter.wrapFilter(ObservationFilterChainDecorator.java:240) ~[spring-security-web-6.4.4.jar:6.4.4]
	at org.springframework.security.web.ObservationFilterChainDecorator$ObservationFilter.doFilter(ObservationFilterChainDecorator.java:227) ~[spring-security-web-6.4.4.jar:6.4.4]
	at org.springframework.security.web.ObservationFilterChainDecorator$VirtualFilterChain.doFilter(ObservationFilterChainDecorator.java:137) ~[spring-security-web-6.4.4.jar:6.4.4]
	at org.springframework.security.web.context.SecurityContextHolderFilter.doFilter(SecurityContextHolderFilter.java:82) ~[spring-security-web-6.4.4.jar:6.4.4]
	at org.springframework.security.web.context.SecurityContextHolderFilter.doFilter(SecurityContextHolderFilter.java:69) ~[spring-security-web-6.4.4.jar:6.4.4]
	at org.springframework.security.web.ObservationFilterChainDecorator$ObservationFilter.wrapFilter(ObservationFilterChainDecorator.java:240) ~[spring-security-web-6.4.4.jar:6.4.4]
	at org.springframework.security.web.ObservationFilterChainDecorator$ObservationFilter.doFilter(ObservationFilterChainDecorator.java:227) ~[spring-security-web-6.4.4.jar:6.4.4]
	at org.springframework.security.web.ObservationFilterChainDecorator$VirtualFilterChain.doFilter(ObservationFilterChainDecorator.java:137) ~[spring-security-web-6.4.4.jar:6.4.4]
	at org.springframework.security.web.context.request.async.WebAsyncManagerIntegrationFilter.doFilterInternal(WebAsyncManagerIntegrationFilter.java:62) ~[spring-security-web-6.4.4.jar:6.4.4]
	at org.springframework.web.filter.OncePerRequestFilter.doFilter(OncePerRequestFilter.java:116) ~[spring-web-6.2.5.jar:6.2.5]
	at org.springframework.security.web.ObservationFilterChainDecorator$ObservationFilter.wrapFilter(ObservationFilterChainDecorator.java:240) ~[spring-security-web-6.4.4.jar:6.4.4]
	at org.springframework.security.web.ObservationFilterChainDecorator$ObservationFilter.doFilter(ObservationFilterChainDecorator.java:227) ~[spring-security-web-6.4.4.jar:6.4.4]
	at org.springframework.security.web.ObservationFilterChainDecorator$VirtualFilterChain.doFilter(ObservationFilterChainDecorator.java:137) ~[spring-security-web-6.4.4.jar:6.4.4]
	at org.springframework.security.web.session.DisableEncodeUrlFilter.doFilterInternal(DisableEncodeUrlFilter.java:42) ~[spring-security-web-6.4.4.jar:6.4.4]
	at org.springframework.web.filter.OncePerRequestFilter.doFilter(OncePerRequestFilter.java:116) ~[spring-web-6.2.5.jar:6.2.5]
	at org.springframework.security.web.ObservationFilterChainDecorator$ObservationFilter.wrapFilter(ObservationFilterChainDecorator.java:240) ~[spring-security-web-6.4.4.jar:6.4.4]
	at org.springframework.security.web.ObservationFilterChainDecorator$AroundFilterObservation$SimpleAroundFilterObservation.lambda$wrap$0(ObservationFilterChainDecorator.java:323) ~[spring-security-web-6.4.4.jar:6.4.4]
	at org.springframework.security.web.ObservationFilterChainDecorator$ObservationFilter.doFilter(ObservationFilterChainDecorator.java:224) ~[spring-security-web-6.4.4.jar:6.4.4]
	at org.springframework.security.web.ObservationFilterChainDecorator$VirtualFilterChain.doFilter(ObservationFilterChainDecorator.java:137) ~[spring-security-web-6.4.4.jar:6.4.4]
	at org.springframework.security.web.FilterChainProxy.doFilterInternal(FilterChainProxy.java:233) ~[spring-security-web-6.4.4.jar:6.4.4]
	at org.springframework.security.web.FilterChainProxy.doFilter(FilterChainProxy.java:191) ~[spring-security-web-6.4.4.jar:6.4.4]
	at org.springframework.web.filter.CompositeFilter$VirtualFilterChain.doFilter(CompositeFilter.java:113) ~[spring-web-6.2.5.jar:6.2.5]
	at org.springframework.web.servlet.handler.HandlerMappingIntrospector.lambda$createCacheFilter$3(HandlerMappingIntrospector.java:243) ~[spring-webmvc-6.2.5.jar:6.2.5]
	at org.springframework.web.filter.CompositeFilter$VirtualFilterChain.doFilter(CompositeFilter.java:113) ~[spring-web-6.2.5.jar:6.2.5]
	at org.springframework.web.filter.CompositeFilter.doFilter(CompositeFilter.java:74) ~[spring-web-6.2.5.jar:6.2.5]
	at org.springframework.security.config.annotation.web.configuration.WebMvcSecurityConfiguration$CompositeFilterChainProxy.doFilter(WebMvcSecurityConfiguration.java:238) ~[spring-security-config-6.4.4.jar:6.4.4]
	at org.springframework.web.filter.DelegatingFilterProxy.invokeDelegate(DelegatingFilterProxy.java:362) ~[spring-web-6.2.5.jar:6.2.5]
	at org.springframework.web.filter.DelegatingFilterProxy.doFilter(DelegatingFilterProxy.java:278) ~[spring-web-6.2.5.jar:6.2.5]
	at org.apache.catalina.core.ApplicationFilterChain.internalDoFilter(ApplicationFilterChain.java:164) ~[tomcat-embed-core-10.1.36.jar:10.1.36]
	at org.apache.catalina.core.ApplicationFilterChain.doFilter(ApplicationFilterChain.java:140) ~[tomcat-embed-core-10.1.36.jar:10.1.36]
	at org.springframework.web.filter.RequestContextFilter.doFilterInternal(RequestContextFilter.java:100) ~[spring-web-6.2.5.jar:6.2.5]
	at org.springframework.web.filter.OncePerRequestFilter.doFilter(OncePerRequestFilter.java:116) ~[spring-web-6.2.5.jar:6.2.5]
	at org.apache.catalina.core.ApplicationFilterChain.internalDoFilter(ApplicationFilterChain.java:164) ~[tomcat-embed-core-10.1.36.jar:10.1.36]
	at org.apache.catalina.core.ApplicationFilterChain.doFilter(ApplicationFilterChain.java:140) ~[tomcat-embed-core-10.1.36.jar:10.1.36]
	at org.springframework.web.filter.FormContentFilter.doFilterInternal(FormContentFilter.java:93) ~[spring-web-6.2.5.jar:6.2.5]
	at org.springframework.web.filter.OncePerRequestFilter.doFilter(OncePerRequestFilter.java:116) ~[spring-web-6.2.5.jar:6.2.5]
	at org.apache.catalina.core.ApplicationFilterChain.internalDoFilter(ApplicationFilterChain.java:164) ~[tomcat-embed-core-10.1.36.jar:10.1.36]
	at org.apache.catalina.core.ApplicationFilterChain.doFilter(ApplicationFilterChain.java:140) ~[tomcat-embed-core-10.1.36.jar:10.1.36]
	at org.springframework.web.filter.ServerHttpObservationFilter.doFilterInternal(ServerHttpObservationFilter.java:114) ~[spring-web-6.2.5.jar:6.2.5]
	at org.springframework.web.filter.OncePerRequestFilter.doFilter(OncePerRequestFilter.java:116) ~[spring-web-6.2.5.jar:6.2.5]
	at org.apache.catalina.core.ApplicationFilterChain.internalDoFilter(ApplicationFilterChain.java:164) ~[tomcat-embed-core-10.1.36.jar:10.1.36]
	at org.apache.catalina.core.ApplicationFilterChain.doFilter(ApplicationFilterChain.java:140) ~[tomcat-embed-core-10.1.36.jar:10.1.36]
	at org.springframework.web.filter.CharacterEncodingFilter.doFilterInternal(CharacterEncodingFilter.java:201) ~[spring-web-6.2.5.jar:6.2.5]
	at org.springframework.web.filter.OncePerRequestFilter.doFilter(OncePerRequestFilter.java:116) ~[spring-web-6.2.5.jar:6.2.5]
	at org.apache.catalina.core.ApplicationFilterChain.internalDoFilter(ApplicationFilterChain.java:164) ~[tomcat-embed-core-10.1.36.jar:10.1.36]
	at org.apache.catalina.core.ApplicationFilterChain.doFilter(ApplicationFilterChain.java:140) ~[tomcat-embed-core-10.1.36.jar:10.1.36]
	at org.apache.catalina.core.StandardWrapperValve.invoke(StandardWrapperValve.java:167) ~[tomcat-embed-core-10.1.36.jar:10.1.36]
	at org.apache.catalina.core.StandardContextValve.invoke(StandardContextValve.java:90) ~[tomcat-embed-core-10.1.36.jar:10.1.36]
	at org.apache.catalina.authenticator.AuthenticatorBase.invoke(AuthenticatorBase.java:483) ~[tomcat-embed-core-10.1.36.jar:10.1.36]
	at org.apache.catalina.core.StandardHostValve.invoke(StandardHostValve.java:115) ~[tomcat-embed-core-10.1.36.jar:10.1.36]
	at org.apache.catalina.valves.ErrorReportValve.invoke(ErrorReportValve.java:93) ~[tomcat-embed-core-10.1.36.jar:10.1.36]
	at org.apache.catalina.core.StandardEngineValve.invoke(StandardEngineValve.java:74) ~[tomcat-embed-core-10.1.36.jar:10.1.36]
	at org.apache.catalina.connector.CoyoteAdapter.service(CoyoteAdapter.java:344) ~[tomcat-embed-core-10.1.36.jar:10.1.36]
	at org.apache.coyote.http11.Http11Processor.service(Http11Processor.java:397) ~[tomcat-embed-core-10.1.36.jar:10.1.36]
	at org.apache.coyote.AbstractProcessorLight.process(AbstractProcessorLight.java:63) ~[tomcat-embed-core-10.1.36.jar:10.1.36]
	at org.apache.coyote.AbstractProtocol$ConnectionHandler.process(AbstractProtocol.java:905) ~[tomcat-embed-core-10.1.36.jar:10.1.36]
	at org.apache.tomcat.util.net.NioEndpoint$SocketProcessor.doRun(NioEndpoint.java:1743) ~[tomcat-embed-core-10.1.36.jar:10.1.36]
	at org.apache.tomcat.util.net.SocketProcessorBase.run(SocketProcessorBase.java:52) ~[tomcat-embed-core-10.1.36.jar:10.1.36]
	at org.apache.tomcat.util.threads.ThreadPoolExecutor.runWorker(ThreadPoolExecutor.java:1190) ~[tomcat-embed-core-10.1.36.jar:10.1.36]
	at org.apache.tomcat.util.threads.ThreadPoolExecutor$Worker.run(ThreadPoolExecutor.java:659) ~[tomcat-embed-core-10.1.36.jar:10.1.36]
	at org.apache.tomcat.util.threads.TaskThread$WrappingRunnable.run(TaskThread.java:63) ~[tomcat-embed-core-10.1.36.jar:10.1.36]
	at java.base/java.lang.Thread.run(Thread.java:1583) ~[na:na]

2025-06-02T08:37:45.390+02:00 ERROR 7232 --- [backend] [http-nio-8081-exec-7] c.s.backend.security.JwtAuthEntryPoint   : responding with unauthorized error.message - Full authentication is required to access this resource
2025-06-02T08:37:46.145+02:00  INFO 7232 --- [backend] [http-nio-8081-exec-9] c.starter.backend.aspects.LoggingAspect  : Entering method: ResponseEntity com.starter.backend.controllers.AuthController.signup(SignupDto) with arguements : [com.starter.backend.dtos.SignupDto@11210a5b]
2025-06-02T08:37:46.258+02:00  INFO 7232 --- [backend] [http-nio-8081-exec-9] c.starter.backend.aspects.LoggingAspect  : Exiting method: ResponseEntity com.starter.backend.controllers.AuthController.signup(SignupDto) with error : User Role not set
2025-06-02T08:37:46.259+02:00 ERROR 7232 --- [backend] [http-nio-8081-exec-9] o.a.c.c.C.[.[.[/].[dispatcherServlet]    : Servlet.service() for servlet [dispatcherServlet] in context with path [] threw exception [Request processing failed: com.starter.backend.exceptions.ApiRequestException: User Role not set] with root cause

com.starter.backend.exceptions.ApiRequestException: User Role not set
	at com.starter.backend.controllers.AuthController.lambda$0(AuthController.java:72) ~[classes/:na]
	at java.base/java.util.Optional.orElseThrow(Optional.java:403) ~[na:na]
	at com.starter.backend.controllers.AuthController.signup(AuthController.java:72) ~[classes/:na]
	at java.base/jdk.internal.reflect.DirectMethodHandleAccessor.invoke(DirectMethodHandleAccessor.java:103) ~[na:na]
	at java.base/java.lang.reflect.Method.invoke(Method.java:580) ~[na:na]
	at org.springframework.aop.support.AopUtils.invokeJoinpointUsingReflection(AopUtils.java:359) ~[spring-aop-6.2.5.jar:6.2.5]
	at org.springframework.aop.framework.ReflectiveMethodInvocation.invokeJoinpoint(ReflectiveMethodInvocation.java:196) ~[spring-aop-6.2.5.jar:6.2.5]
	at org.springframework.aop.framework.ReflectiveMethodInvocation.proceed(ReflectiveMethodInvocation.java:163) ~[spring-aop-6.2.5.jar:6.2.5]
	at org.springframework.aop.aspectj.AspectJAfterThrowingAdvice.invoke(AspectJAfterThrowingAdvice.java:64) ~[spring-aop-6.2.5.jar:6.2.5]
	at org.springframework.aop.framework.ReflectiveMethodInvocation.proceed(ReflectiveMethodInvocation.java:184) ~[spring-aop-6.2.5.jar:6.2.5]
	at org.springframework.aop.framework.adapter.AfterReturningAdviceInterceptor.invoke(AfterReturningAdviceInterceptor.java:57) ~[spring-aop-6.2.5.jar:6.2.5]
	at org.springframework.aop.framework.ReflectiveMethodInvocation.proceed(ReflectiveMethodInvocation.java:184) ~[spring-aop-6.2.5.jar:6.2.5]
	at org.springframework.aop.framework.adapter.MethodBeforeAdviceInterceptor.invoke(MethodBeforeAdviceInterceptor.java:58) ~[spring-aop-6.2.5.jar:6.2.5]
	at org.springframework.aop.framework.ReflectiveMethodInvocation.proceed(ReflectiveMethodInvocation.java:184) ~[spring-aop-6.2.5.jar:6.2.5]
	at org.springframework.aop.interceptor.ExposeInvocationInterceptor.invoke(ExposeInvocationInterceptor.java:97) ~[spring-aop-6.2.5.jar:6.2.5]
	at org.springframework.aop.framework.ReflectiveMethodInvocation.proceed(ReflectiveMethodInvocation.java:184) ~[spring-aop-6.2.5.jar:6.2.5]
	at org.springframework.aop.framework.CglibAopProxy$DynamicAdvisedInterceptor.intercept(CglibAopProxy.java:727) ~[spring-aop-6.2.5.jar:6.2.5]
	at com.starter.backend.controllers.AuthController$$SpringCGLIB$$0.signup(<generated>) ~[classes/:na]
	at java.base/jdk.internal.reflect.DirectMethodHandleAccessor.invoke(DirectMethodHandleAccessor.java:103) ~[na:na]
	at java.base/java.lang.reflect.Method.invoke(Method.java:580) ~[na:na]
	at org.springframework.web.method.support.InvocableHandlerMethod.doInvoke(InvocableHandlerMethod.java:258) ~[spring-web-6.2.5.jar:6.2.5]
	at org.springframework.web.method.support.InvocableHandlerMethod.invokeForRequest(InvocableHandlerMethod.java:191) ~[spring-web-6.2.5.jar:6.2.5]
	at org.springframework.web.servlet.mvc.method.annotation.ServletInvocableHandlerMethod.invokeAndHandle(ServletInvocableHandlerMethod.java:118) ~[spring-webmvc-6.2.5.jar:6.2.5]
	at org.springframework.web.servlet.mvc.method.annotation.RequestMappingHandlerAdapter.invokeHandlerMethod(RequestMappingHandlerAdapter.java:986) ~[spring-webmvc-6.2.5.jar:6.2.5]
	at org.springframework.web.servlet.mvc.method.annotation.RequestMappingHandlerAdapter.handleInternal(RequestMappingHandlerAdapter.java:891) ~[spring-webmvc-6.2.5.jar:6.2.5]
	at org.springframework.web.servlet.mvc.method.AbstractHandlerMethodAdapter.handle(AbstractHandlerMethodAdapter.java:87) ~[spring-webmvc-6.2.5.jar:6.2.5]
	at org.springframework.web.servlet.DispatcherServlet.doDispatch(DispatcherServlet.java:1089) ~[spring-webmvc-6.2.5.jar:6.2.5]
	at org.springframework.web.servlet.DispatcherServlet.doService(DispatcherServlet.java:979) ~[spring-webmvc-6.2.5.jar:6.2.5]
	at org.springframework.web.servlet.FrameworkServlet.processRequest(FrameworkServlet.java:1014) ~[spring-webmvc-6.2.5.jar:6.2.5]
	at org.springframework.web.servlet.FrameworkServlet.doPost(FrameworkServlet.java:914) ~[spring-webmvc-6.2.5.jar:6.2.5]
	at jakarta.servlet.http.HttpServlet.service(HttpServlet.java:590) ~[tomcat-embed-core-10.1.36.jar:6.0]
	at org.springframework.web.servlet.FrameworkServlet.service(FrameworkServlet.java:885) ~[spring-webmvc-6.2.5.jar:6.2.5]
	at jakarta.servlet.http.HttpServlet.service(HttpServlet.java:658) ~[tomcat-embed-core-10.1.36.jar:6.0]
	at org.apache.catalina.core.ApplicationFilterChain.internalDoFilter(ApplicationFilterChain.java:195) ~[tomcat-embed-core-10.1.36.jar:10.1.36]
	at org.apache.catalina.core.ApplicationFilterChain.doFilter(ApplicationFilterChain.java:140) ~[tomcat-embed-core-10.1.36.jar:10.1.36]
	at org.apache.tomcat.websocket.server.WsFilter.doFilter(WsFilter.java:51) ~[tomcat-embed-websocket-10.1.36.jar:10.1.36]
	at org.apache.catalina.core.ApplicationFilterChain.internalDoFilter(ApplicationFilterChain.java:164) ~[tomcat-embed-core-10.1.36.jar:10.1.36]
	at org.apache.catalina.core.ApplicationFilterChain.doFilter(ApplicationFilterChain.java:140) ~[tomcat-embed-core-10.1.36.jar:10.1.36]
	at org.springframework.web.filter.OncePerRequestFilter.doFilter(OncePerRequestFilter.java:110) ~[spring-web-6.2.5.jar:6.2.5]
	at org.apache.catalina.core.ApplicationFilterChain.internalDoFilter(ApplicationFilterChain.java:164) ~[tomcat-embed-core-10.1.36.jar:10.1.36]
	at org.apache.catalina.core.ApplicationFilterChain.doFilter(ApplicationFilterChain.java:140) ~[tomcat-embed-core-10.1.36.jar:10.1.36]
	at com.starter.backend.security.JwtAuthFilter.doFilterInternal(JwtAuthFilter.java:54) ~[classes/:na]
	at org.springframework.web.filter.OncePerRequestFilter.doFilter(OncePerRequestFilter.java:116) ~[spring-web-6.2.5.jar:6.2.5]
	at org.apache.catalina.core.ApplicationFilterChain.internalDoFilter(ApplicationFilterChain.java:164) ~[tomcat-embed-core-10.1.36.jar:10.1.36]
	at org.apache.catalina.core.ApplicationFilterChain.doFilter(ApplicationFilterChain.java:140) ~[tomcat-embed-core-10.1.36.jar:10.1.36]
	at org.springframework.web.filter.CompositeFilter$VirtualFilterChain.doFilter(CompositeFilter.java:108) ~[spring-web-6.2.5.jar:6.2.5]
	at org.springframework.security.web.FilterChainProxy.lambda$doFilterInternal$3(FilterChainProxy.java:231) ~[spring-security-web-6.4.4.jar:6.4.4]
	at org.springframework.security.web.ObservationFilterChainDecorator$FilterObservation$SimpleFilterObservation.lambda$wrap$1(ObservationFilterChainDecorator.java:479) ~[spring-security-web-6.4.4.jar:6.4.4]
	at org.springframework.security.web.ObservationFilterChainDecorator$AroundFilterObservation$SimpleAroundFilterObservation.lambda$wrap$1(ObservationFilterChainDecorator.java:340) ~[spring-security-web-6.4.4.jar:6.4.4]
	at org.springframework.security.web.ObservationFilterChainDecorator.lambda$wrapSecured$0(ObservationFilterChainDecorator.java:82) ~[spring-security-web-6.4.4.jar:6.4.4]
	at org.springframework.security.web.ObservationFilterChainDecorator$VirtualFilterChain.doFilter(ObservationFilterChainDecorator.java:128) ~[spring-security-web-6.4.4.jar:6.4.4]
	at org.springframework.security.web.access.intercept.AuthorizationFilter.doFilter(AuthorizationFilter.java:101) ~[spring-security-web-6.4.4.jar:6.4.4]
	at org.springframework.security.web.ObservationFilterChainDecorator$ObservationFilter.wrapFilter(ObservationFilterChainDecorator.java:240) ~[spring-security-web-6.4.4.jar:6.4.4]
	at org.springframework.security.web.ObservationFilterChainDecorator$ObservationFilter.doFilter(ObservationFilterChainDecorator.java:227) ~[spring-security-web-6.4.4.jar:6.4.4]
	at org.springframework.security.web.ObservationFilterChainDecorator$VirtualFilterChain.doFilter(ObservationFilterChainDecorator.java:137) ~[spring-security-web-6.4.4.jar:6.4.4]
	at org.springframework.security.web.access.ExceptionTranslationFilter.doFilter(ExceptionTranslationFilter.java:126) ~[spring-security-web-6.4.4.jar:6.4.4]
	at org.springframework.security.web.access.ExceptionTranslationFilter.doFilter(ExceptionTranslationFilter.java:120) ~[spring-security-web-6.4.4.jar:6.4.4]
	at org.springframework.security.web.ObservationFilterChainDecorator$ObservationFilter.wrapFilter(ObservationFilterChainDecorator.java:240) ~[spring-security-web-6.4.4.jar:6.4.4]
	at org.springframework.security.web.ObservationFilterChainDecorator$ObservationFilter.doFilter(ObservationFilterChainDecorator.java:227) ~[spring-security-web-6.4.4.jar:6.4.4]
	at org.springframework.security.web.ObservationFilterChainDecorator$VirtualFilterChain.doFilter(ObservationFilterChainDecorator.java:137) ~[spring-security-web-6.4.4.jar:6.4.4]
	at org.springframework.security.web.session.SessionManagementFilter.doFilter(SessionManagementFilter.java:131) ~[spring-security-web-6.4.4.jar:6.4.4]
	at org.springframework.security.web.session.SessionManagementFilter.doFilter(SessionManagementFilter.java:85) ~[spring-security-web-6.4.4.jar:6.4.4]
	at org.springframework.security.web.ObservationFilterChainDecorator$ObservationFilter.wrapFilter(ObservationFilterChainDecorator.java:240) ~[spring-security-web-6.4.4.jar:6.4.4]
	at org.springframework.security.web.ObservationFilterChainDecorator$ObservationFilter.doFilter(ObservationFilterChainDecorator.java:227) ~[spring-security-web-6.4.4.jar:6.4.4]
	at org.springframework.security.web.ObservationFilterChainDecorator$VirtualFilterChain.doFilter(ObservationFilterChainDecorator.java:137) ~[spring-security-web-6.4.4.jar:6.4.4]
	at org.springframework.security.web.authentication.AnonymousAuthenticationFilter.doFilter(AnonymousAuthenticationFilter.java:100) ~[spring-security-web-6.4.4.jar:6.4.4]
	at org.springframework.security.web.ObservationFilterChainDecorator$ObservationFilter.wrapFilter(ObservationFilterChainDecorator.java:240) ~[spring-security-web-6.4.4.jar:6.4.4]
	at org.springframework.security.web.ObservationFilterChainDecorator$ObservationFilter.doFilter(ObservationFilterChainDecorator.java:227) ~[spring-security-web-6.4.4.jar:6.4.4]
	at org.springframework.security.web.ObservationFilterChainDecorator$VirtualFilterChain.doFilter(ObservationFilterChainDecorator.java:137) ~[spring-security-web-6.4.4.jar:6.4.4]
	at org.springframework.security.web.servletapi.SecurityContextHolderAwareRequestFilter.doFilter(SecurityContextHolderAwareRequestFilter.java:179) ~[spring-security-web-6.4.4.jar:6.4.4]
	at org.springframework.security.web.ObservationFilterChainDecorator$ObservationFilter.wrapFilter(ObservationFilterChainDecorator.java:240) ~[spring-security-web-6.4.4.jar:6.4.4]
	at org.springframework.security.web.ObservationFilterChainDecorator$ObservationFilter.doFilter(ObservationFilterChainDecorator.java:227) ~[spring-security-web-6.4.4.jar:6.4.4]
	at org.springframework.security.web.ObservationFilterChainDecorator$VirtualFilterChain.doFilter(ObservationFilterChainDecorator.java:137) ~[spring-security-web-6.4.4.jar:6.4.4]
	at org.springframework.security.web.savedrequest.RequestCacheAwareFilter.doFilter(RequestCacheAwareFilter.java:63) ~[spring-security-web-6.4.4.jar:6.4.4]
	at org.springframework.security.web.ObservationFilterChainDecorator$ObservationFilter.wrapFilter(ObservationFilterChainDecorator.java:240) ~[spring-security-web-6.4.4.jar:6.4.4]
	at org.springframework.security.web.ObservationFilterChainDecorator$ObservationFilter.doFilter(ObservationFilterChainDecorator.java:227) ~[spring-security-web-6.4.4.jar:6.4.4]
	at org.springframework.security.web.ObservationFilterChainDecorator$VirtualFilterChain.doFilter(ObservationFilterChainDecorator.java:137) ~[spring-security-web-6.4.4.jar:6.4.4]
	at com.starter.backend.security.JwtAuthFilter.doFilterInternal(JwtAuthFilter.java:54) ~[classes/:na]
	at org.springframework.web.filter.OncePerRequestFilter.doFilter(OncePerRequestFilter.java:116) ~[spring-web-6.2.5.jar:6.2.5]
	at org.springframework.security.web.ObservationFilterChainDecorator$ObservationFilter.wrapFilter(ObservationFilterChainDecorator.java:240) ~[spring-security-web-6.4.4.jar:6.4.4]
	at org.springframework.security.web.ObservationFilterChainDecorator$ObservationFilter.doFilter(ObservationFilterChainDecorator.java:227) ~[spring-security-web-6.4.4.jar:6.4.4]
	at org.springframework.security.web.ObservationFilterChainDecorator$VirtualFilterChain.doFilter(ObservationFilterChainDecorator.java:137) ~[spring-security-web-6.4.4.jar:6.4.4]
	at org.springframework.security.web.authentication.logout.LogoutFilter.doFilter(LogoutFilter.java:107) ~[spring-security-web-6.4.4.jar:6.4.4]
	at org.springframework.security.web.authentication.logout.LogoutFilter.doFilter(LogoutFilter.java:93) ~[spring-security-web-6.4.4.jar:6.4.4]
	at org.springframework.security.web.ObservationFilterChainDecorator$ObservationFilter.wrapFilter(ObservationFilterChainDecorator.java:240) ~[spring-security-web-6.4.4.jar:6.4.4]
	at org.springframework.security.web.ObservationFilterChainDecorator$ObservationFilter.doFilter(ObservationFilterChainDecorator.java:227) ~[spring-security-web-6.4.4.jar:6.4.4]
	at org.springframework.security.web.ObservationFilterChainDecorator$VirtualFilterChain.doFilter(ObservationFilterChainDecorator.java:137) ~[spring-security-web-6.4.4.jar:6.4.4]
	at org.springframework.web.filter.CorsFilter.doFilterInternal(CorsFilter.java:91) ~[spring-web-6.2.5.jar:6.2.5]
	at org.springframework.web.filter.OncePerRequestFilter.doFilter(OncePerRequestFilter.java:116) ~[spring-web-6.2.5.jar:6.2.5]
	at org.springframework.security.web.ObservationFilterChainDecorator$ObservationFilter.wrapFilter(ObservationFilterChainDecorator.java:240) ~[spring-security-web-6.4.4.jar:6.4.4]
	at org.springframework.security.web.ObservationFilterChainDecorator$ObservationFilter.doFilter(ObservationFilterChainDecorator.java:227) ~[spring-security-web-6.4.4.jar:6.4.4]
	at org.springframework.security.web.ObservationFilterChainDecorator$VirtualFilterChain.doFilter(ObservationFilterChainDecorator.java:137) ~[spring-security-web-6.4.4.jar:6.4.4]
	at org.springframework.security.web.header.HeaderWriterFilter.doHeadersAfter(HeaderWriterFilter.java:90) ~[spring-security-web-6.4.4.jar:6.4.4]
	at org.springframework.security.web.header.HeaderWriterFilter.doFilterInternal(HeaderWriterFilter.java:75) ~[spring-security-web-6.4.4.jar:6.4.4]
	at org.springframework.web.filter.OncePerRequestFilter.doFilter(OncePerRequestFilter.java:116) ~[spring-web-6.2.5.jar:6.2.5]
	at org.springframework.security.web.ObservationFilterChainDecorator$ObservationFilter.wrapFilter(ObservationFilterChainDecorator.java:240) ~[spring-security-web-6.4.4.jar:6.4.4]
	at org.springframework.security.web.ObservationFilterChainDecorator$ObservationFilter.doFilter(ObservationFilterChainDecorator.java:227) ~[spring-security-web-6.4.4.jar:6.4.4]
	at org.springframework.security.web.ObservationFilterChainDecorator$VirtualFilterChain.doFilter(ObservationFilterChainDecorator.java:137) ~[spring-security-web-6.4.4.jar:6.4.4]
	at org.springframework.security.web.context.SecurityContextHolderFilter.doFilter(SecurityContextHolderFilter.java:82) ~[spring-security-web-6.4.4.jar:6.4.4]
	at org.springframework.security.web.context.SecurityContextHolderFilter.doFilter(SecurityContextHolderFilter.java:69) ~[spring-security-web-6.4.4.jar:6.4.4]
	at org.springframework.security.web.ObservationFilterChainDecorator$ObservationFilter.wrapFilter(ObservationFilterChainDecorator.java:240) ~[spring-security-web-6.4.4.jar:6.4.4]
	at org.springframework.security.web.ObservationFilterChainDecorator$ObservationFilter.doFilter(ObservationFilterChainDecorator.java:227) ~[spring-security-web-6.4.4.jar:6.4.4]
	at org.springframework.security.web.ObservationFilterChainDecorator$VirtualFilterChain.doFilter(ObservationFilterChainDecorator.java:137) ~[spring-security-web-6.4.4.jar:6.4.4]
	at org.springframework.security.web.context.request.async.WebAsyncManagerIntegrationFilter.doFilterInternal(WebAsyncManagerIntegrationFilter.java:62) ~[spring-security-web-6.4.4.jar:6.4.4]
	at org.springframework.web.filter.OncePerRequestFilter.doFilter(OncePerRequestFilter.java:116) ~[spring-web-6.2.5.jar:6.2.5]
	at org.springframework.security.web.ObservationFilterChainDecorator$ObservationFilter.wrapFilter(ObservationFilterChainDecorator.java:240) ~[spring-security-web-6.4.4.jar:6.4.4]
	at org.springframework.security.web.ObservationFilterChainDecorator$ObservationFilter.doFilter(ObservationFilterChainDecorator.java:227) ~[spring-security-web-6.4.4.jar:6.4.4]
	at org.springframework.security.web.ObservationFilterChainDecorator$VirtualFilterChain.doFilter(ObservationFilterChainDecorator.java:137) ~[spring-security-web-6.4.4.jar:6.4.4]
	at org.springframework.security.web.session.DisableEncodeUrlFilter.doFilterInternal(DisableEncodeUrlFilter.java:42) ~[spring-security-web-6.4.4.jar:6.4.4]
	at org.springframework.web.filter.OncePerRequestFilter.doFilter(OncePerRequestFilter.java:116) ~[spring-web-6.2.5.jar:6.2.5]
	at org.springframework.security.web.ObservationFilterChainDecorator$ObservationFilter.wrapFilter(ObservationFilterChainDecorator.java:240) ~[spring-security-web-6.4.4.jar:6.4.4]
	at org.springframework.security.web.ObservationFilterChainDecorator$AroundFilterObservation$SimpleAroundFilterObservation.lambda$wrap$0(ObservationFilterChainDecorator.java:323) ~[spring-security-web-6.4.4.jar:6.4.4]
	at org.springframework.security.web.ObservationFilterChainDecorator$ObservationFilter.doFilter(ObservationFilterChainDecorator.java:224) ~[spring-security-web-6.4.4.jar:6.4.4]
	at org.springframework.security.web.ObservationFilterChainDecorator$VirtualFilterChain.doFilter(ObservationFilterChainDecorator.java:137) ~[spring-security-web-6.4.4.jar:6.4.4]
	at org.springframework.security.web.FilterChainProxy.doFilterInternal(FilterChainProxy.java:233) ~[spring-security-web-6.4.4.jar:6.4.4]
	at org.springframework.security.web.FilterChainProxy.doFilter(FilterChainProxy.java:191) ~[spring-security-web-6.4.4.jar:6.4.4]
	at org.springframework.web.filter.CompositeFilter$VirtualFilterChain.doFilter(CompositeFilter.java:113) ~[spring-web-6.2.5.jar:6.2.5]
	at org.springframework.web.servlet.handler.HandlerMappingIntrospector.lambda$createCacheFilter$3(HandlerMappingIntrospector.java:243) ~[spring-webmvc-6.2.5.jar:6.2.5]
	at org.springframework.web.filter.CompositeFilter$VirtualFilterChain.doFilter(CompositeFilter.java:113) ~[spring-web-6.2.5.jar:6.2.5]
	at org.springframework.web.filter.CompositeFilter.doFilter(CompositeFilter.java:74) ~[spring-web-6.2.5.jar:6.2.5]
	at org.springframework.security.config.annotation.web.configuration.WebMvcSecurityConfiguration$CompositeFilterChainProxy.doFilter(WebMvcSecurityConfiguration.java:238) ~[spring-security-config-6.4.4.jar:6.4.4]
	at org.springframework.web.filter.DelegatingFilterProxy.invokeDelegate(DelegatingFilterProxy.java:362) ~[spring-web-6.2.5.jar:6.2.5]
	at org.springframework.web.filter.DelegatingFilterProxy.doFilter(DelegatingFilterProxy.java:278) ~[spring-web-6.2.5.jar:6.2.5]
	at org.apache.catalina.core.ApplicationFilterChain.internalDoFilter(ApplicationFilterChain.java:164) ~[tomcat-embed-core-10.1.36.jar:10.1.36]
	at org.apache.catalina.core.ApplicationFilterChain.doFilter(ApplicationFilterChain.java:140) ~[tomcat-embed-core-10.1.36.jar:10.1.36]
	at org.springframework.web.filter.RequestContextFilter.doFilterInternal(RequestContextFilter.java:100) ~[spring-web-6.2.5.jar:6.2.5]
	at org.springframework.web.filter.OncePerRequestFilter.doFilter(OncePerRequestFilter.java:116) ~[spring-web-6.2.5.jar:6.2.5]
	at org.apache.catalina.core.ApplicationFilterChain.internalDoFilter(ApplicationFilterChain.java:164) ~[tomcat-embed-core-10.1.36.jar:10.1.36]
	at org.apache.catalina.core.ApplicationFilterChain.doFilter(ApplicationFilterChain.java:140) ~[tomcat-embed-core-10.1.36.jar:10.1.36]
	at org.springframework.web.filter.FormContentFilter.doFilterInternal(FormContentFilter.java:93) ~[spring-web-6.2.5.jar:6.2.5]
	at org.springframework.web.filter.OncePerRequestFilter.doFilter(OncePerRequestFilter.java:116) ~[spring-web-6.2.5.jar:6.2.5]
	at org.apache.catalina.core.ApplicationFilterChain.internalDoFilter(ApplicationFilterChain.java:164) ~[tomcat-embed-core-10.1.36.jar:10.1.36]
	at org.apache.catalina.core.ApplicationFilterChain.doFilter(ApplicationFilterChain.java:140) ~[tomcat-embed-core-10.1.36.jar:10.1.36]
	at org.springframework.web.filter.ServerHttpObservationFilter.doFilterInternal(ServerHttpObservationFilter.java:114) ~[spring-web-6.2.5.jar:6.2.5]
	at org.springframework.web.filter.OncePerRequestFilter.doFilter(OncePerRequestFilter.java:116) ~[spring-web-6.2.5.jar:6.2.5]
	at org.apache.catalina.core.ApplicationFilterChain.internalDoFilter(ApplicationFilterChain.java:164) ~[tomcat-embed-core-10.1.36.jar:10.1.36]
	at org.apache.catalina.core.ApplicationFilterChain.doFilter(ApplicationFilterChain.java:140) ~[tomcat-embed-core-10.1.36.jar:10.1.36]
	at org.springframework.web.filter.CharacterEncodingFilter.doFilterInternal(CharacterEncodingFilter.java:201) ~[spring-web-6.2.5.jar:6.2.5]
	at org.springframework.web.filter.OncePerRequestFilter.doFilter(OncePerRequestFilter.java:116) ~[spring-web-6.2.5.jar:6.2.5]
	at org.apache.catalina.core.ApplicationFilterChain.internalDoFilter(ApplicationFilterChain.java:164) ~[tomcat-embed-core-10.1.36.jar:10.1.36]
	at org.apache.catalina.core.ApplicationFilterChain.doFilter(ApplicationFilterChain.java:140) ~[tomcat-embed-core-10.1.36.jar:10.1.36]
	at org.apache.catalina.core.StandardWrapperValve.invoke(StandardWrapperValve.java:167) ~[tomcat-embed-core-10.1.36.jar:10.1.36]
	at org.apache.catalina.core.StandardContextValve.invoke(StandardContextValve.java:90) ~[tomcat-embed-core-10.1.36.jar:10.1.36]
	at org.apache.catalina.authenticator.AuthenticatorBase.invoke(AuthenticatorBase.java:483) ~[tomcat-embed-core-10.1.36.jar:10.1.36]
	at org.apache.catalina.core.StandardHostValve.invoke(StandardHostValve.java:115) ~[tomcat-embed-core-10.1.36.jar:10.1.36]
	at org.apache.catalina.valves.ErrorReportValve.invoke(ErrorReportValve.java:93) ~[tomcat-embed-core-10.1.36.jar:10.1.36]
	at org.apache.catalina.core.StandardEngineValve.invoke(StandardEngineValve.java:74) ~[tomcat-embed-core-10.1.36.jar:10.1.36]
	at org.apache.catalina.connector.CoyoteAdapter.service(CoyoteAdapter.java:344) ~[tomcat-embed-core-10.1.36.jar:10.1.36]
	at org.apache.coyote.http11.Http11Processor.service(Http11Processor.java:397) ~[tomcat-embed-core-10.1.36.jar:10.1.36]
	at org.apache.coyote.AbstractProcessorLight.process(AbstractProcessorLight.java:63) ~[tomcat-embed-core-10.1.36.jar:10.1.36]
	at org.apache.coyote.AbstractProtocol$ConnectionHandler.process(AbstractProtocol.java:905) ~[tomcat-embed-core-10.1.36.jar:10.1.36]
	at org.apache.tomcat.util.net.NioEndpoint$SocketProcessor.doRun(NioEndpoint.java:1743) ~[tomcat-embed-core-10.1.36.jar:10.1.36]
	at org.apache.tomcat.util.net.SocketProcessorBase.run(SocketProcessorBase.java:52) ~[tomcat-embed-core-10.1.36.jar:10.1.36]
	at org.apache.tomcat.util.threads.ThreadPoolExecutor.runWorker(ThreadPoolExecutor.java:1190) ~[tomcat-embed-core-10.1.36.jar:10.1.36]
	at org.apache.tomcat.util.threads.ThreadPoolExecutor$Worker.run(ThreadPoolExecutor.java:659) ~[tomcat-embed-core-10.1.36.jar:10.1.36]
	at org.apache.tomcat.util.threads.TaskThread$WrappingRunnable.run(TaskThread.java:63) ~[tomcat-embed-core-10.1.36.jar:10.1.36]
	at java.base/java.lang.Thread.run(Thread.java:1583) ~[na:na]

2025-06-02T08:37:46.261+02:00 ERROR 7232 --- [backend] [http-nio-8081-exec-9] c.s.backend.security.JwtAuthEntryPoint   : responding with unauthorized error.message - Full authentication is required to access this resource
2025-06-02T08:38:02.739+02:00  INFO 7232 --- [backend] [http-nio-8081-exec-2] c.starter.backend.aspects.LoggingAspect  : Entering method: ResponseEntity com.starter.backend.controllers.AuthController.signup(SignupDto) with arguements : [com.starter.backend.dtos.SignupDto@7ba493f3]
2025-06-02T08:38:02.866+02:00  INFO 7232 --- [backend] [http-nio-8081-exec-2] c.starter.backend.aspects.LoggingAspect  : Exiting method: ResponseEntity com.starter.backend.controllers.AuthController.signup(SignupDto) with error : User Role not set
2025-06-02T08:38:02.868+02:00 ERROR 7232 --- [backend] [http-nio-8081-exec-2] o.a.c.c.C.[.[.[/].[dispatcherServlet]    : Servlet.service() for servlet [dispatcherServlet] in context with path [] threw exception [Request processing failed: com.starter.backend.exceptions.ApiRequestException: User Role not set] with root cause

com.starter.backend.exceptions.ApiRequestException: User Role not set
	at com.starter.backend.controllers.AuthController.lambda$0(AuthController.java:72) ~[classes/:na]
	at java.base/java.util.Optional.orElseThrow(Optional.java:403) ~[na:na]
	at com.starter.backend.controllers.AuthController.signup(AuthController.java:72) ~[classes/:na]
	at java.base/jdk.internal.reflect.DirectMethodHandleAccessor.invoke(DirectMethodHandleAccessor.java:103) ~[na:na]
	at java.base/java.lang.reflect.Method.invoke(Method.java:580) ~[na:na]
	at org.springframework.aop.support.AopUtils.invokeJoinpointUsingReflection(AopUtils.java:359) ~[spring-aop-6.2.5.jar:6.2.5]
	at org.springframework.aop.framework.ReflectiveMethodInvocation.invokeJoinpoint(ReflectiveMethodInvocation.java:196) ~[spring-aop-6.2.5.jar:6.2.5]
	at org.springframework.aop.framework.ReflectiveMethodInvocation.proceed(ReflectiveMethodInvocation.java:163) ~[spring-aop-6.2.5.jar:6.2.5]
	at org.springframework.aop.aspectj.AspectJAfterThrowingAdvice.invoke(AspectJAfterThrowingAdvice.java:64) ~[spring-aop-6.2.5.jar:6.2.5]
	at org.springframework.aop.framework.ReflectiveMethodInvocation.proceed(ReflectiveMethodInvocation.java:184) ~[spring-aop-6.2.5.jar:6.2.5]
	at org.springframework.aop.framework.adapter.AfterReturningAdviceInterceptor.invoke(AfterReturningAdviceInterceptor.java:57) ~[spring-aop-6.2.5.jar:6.2.5]
	at org.springframework.aop.framework.ReflectiveMethodInvocation.proceed(ReflectiveMethodInvocation.java:184) ~[spring-aop-6.2.5.jar:6.2.5]
	at org.springframework.aop.framework.adapter.MethodBeforeAdviceInterceptor.invoke(MethodBeforeAdviceInterceptor.java:58) ~[spring-aop-6.2.5.jar:6.2.5]
	at org.springframework.aop.framework.ReflectiveMethodInvocation.proceed(ReflectiveMethodInvocation.java:184) ~[spring-aop-6.2.5.jar:6.2.5]
	at org.springframework.aop.interceptor.ExposeInvocationInterceptor.invoke(ExposeInvocationInterceptor.java:97) ~[spring-aop-6.2.5.jar:6.2.5]
	at org.springframework.aop.framework.ReflectiveMethodInvocation.proceed(ReflectiveMethodInvocation.java:184) ~[spring-aop-6.2.5.jar:6.2.5]
	at org.springframework.aop.framework.CglibAopProxy$DynamicAdvisedInterceptor.intercept(CglibAopProxy.java:727) ~[spring-aop-6.2.5.jar:6.2.5]
	at com.starter.backend.controllers.AuthController$$SpringCGLIB$$0.signup(<generated>) ~[classes/:na]
	at java.base/jdk.internal.reflect.DirectMethodHandleAccessor.invoke(DirectMethodHandleAccessor.java:103) ~[na:na]
	at java.base/java.lang.reflect.Method.invoke(Method.java:580) ~[na:na]
	at org.springframework.web.method.support.InvocableHandlerMethod.doInvoke(InvocableHandlerMethod.java:258) ~[spring-web-6.2.5.jar:6.2.5]
	at org.springframework.web.method.support.InvocableHandlerMethod.invokeForRequest(InvocableHandlerMethod.java:191) ~[spring-web-6.2.5.jar:6.2.5]
	at org.springframework.web.servlet.mvc.method.annotation.ServletInvocableHandlerMethod.invokeAndHandle(ServletInvocableHandlerMethod.java:118) ~[spring-webmvc-6.2.5.jar:6.2.5]
	at org.springframework.web.servlet.mvc.method.annotation.RequestMappingHandlerAdapter.invokeHandlerMethod(RequestMappingHandlerAdapter.java:986) ~[spring-webmvc-6.2.5.jar:6.2.5]
	at org.springframework.web.servlet.mvc.method.annotation.RequestMappingHandlerAdapter.handleInternal(RequestMappingHandlerAdapter.java:891) ~[spring-webmvc-6.2.5.jar:6.2.5]
	at org.springframework.web.servlet.mvc.method.AbstractHandlerMethodAdapter.handle(AbstractHandlerMethodAdapter.java:87) ~[spring-webmvc-6.2.5.jar:6.2.5]
	at org.springframework.web.servlet.DispatcherServlet.doDispatch(DispatcherServlet.java:1089) ~[spring-webmvc-6.2.5.jar:6.2.5]
	at org.springframework.web.servlet.DispatcherServlet.doService(DispatcherServlet.java:979) ~[spring-webmvc-6.2.5.jar:6.2.5]
	at org.springframework.web.servlet.FrameworkServlet.processRequest(FrameworkServlet.java:1014) ~[spring-webmvc-6.2.5.jar:6.2.5]
	at org.springframework.web.servlet.FrameworkServlet.doPost(FrameworkServlet.java:914) ~[spring-webmvc-6.2.5.jar:6.2.5]
	at jakarta.servlet.http.HttpServlet.service(HttpServlet.java:590) ~[tomcat-embed-core-10.1.36.jar:6.0]
	at org.springframework.web.servlet.FrameworkServlet.service(FrameworkServlet.java:885) ~[spring-webmvc-6.2.5.jar:6.2.5]
	at jakarta.servlet.http.HttpServlet.service(HttpServlet.java:658) ~[tomcat-embed-core-10.1.36.jar:6.0]
	at org.apache.catalina.core.ApplicationFilterChain.internalDoFilter(ApplicationFilterChain.java:195) ~[tomcat-embed-core-10.1.36.jar:10.1.36]
	at org.apache.catalina.core.ApplicationFilterChain.doFilter(ApplicationFilterChain.java:140) ~[tomcat-embed-core-10.1.36.jar:10.1.36]
	at org.apache.tomcat.websocket.server.WsFilter.doFilter(WsFilter.java:51) ~[tomcat-embed-websocket-10.1.36.jar:10.1.36]
	at org.apache.catalina.core.ApplicationFilterChain.internalDoFilter(ApplicationFilterChain.java:164) ~[tomcat-embed-core-10.1.36.jar:10.1.36]
	at org.apache.catalina.core.ApplicationFilterChain.doFilter(ApplicationFilterChain.java:140) ~[tomcat-embed-core-10.1.36.jar:10.1.36]
	at org.springframework.web.filter.OncePerRequestFilter.doFilter(OncePerRequestFilter.java:110) ~[spring-web-6.2.5.jar:6.2.5]
	at org.apache.catalina.core.ApplicationFilterChain.internalDoFilter(ApplicationFilterChain.java:164) ~[tomcat-embed-core-10.1.36.jar:10.1.36]
	at org.apache.catalina.core.ApplicationFilterChain.doFilter(ApplicationFilterChain.java:140) ~[tomcat-embed-core-10.1.36.jar:10.1.36]
	at com.starter.backend.security.JwtAuthFilter.doFilterInternal(JwtAuthFilter.java:54) ~[classes/:na]
	at org.springframework.web.filter.OncePerRequestFilter.doFilter(OncePerRequestFilter.java:116) ~[spring-web-6.2.5.jar:6.2.5]
	at org.apache.catalina.core.ApplicationFilterChain.internalDoFilter(ApplicationFilterChain.java:164) ~[tomcat-embed-core-10.1.36.jar:10.1.36]
	at org.apache.catalina.core.ApplicationFilterChain.doFilter(ApplicationFilterChain.java:140) ~[tomcat-embed-core-10.1.36.jar:10.1.36]
	at org.springframework.web.filter.CompositeFilter$VirtualFilterChain.doFilter(CompositeFilter.java:108) ~[spring-web-6.2.5.jar:6.2.5]
	at org.springframework.security.web.FilterChainProxy.lambda$doFilterInternal$3(FilterChainProxy.java:231) ~[spring-security-web-6.4.4.jar:6.4.4]
	at org.springframework.security.web.ObservationFilterChainDecorator$FilterObservation$SimpleFilterObservation.lambda$wrap$1(ObservationFilterChainDecorator.java:479) ~[spring-security-web-6.4.4.jar:6.4.4]
	at org.springframework.security.web.ObservationFilterChainDecorator$AroundFilterObservation$SimpleAroundFilterObservation.lambda$wrap$1(ObservationFilterChainDecorator.java:340) ~[spring-security-web-6.4.4.jar:6.4.4]
	at org.springframework.security.web.ObservationFilterChainDecorator.lambda$wrapSecured$0(ObservationFilterChainDecorator.java:82) ~[spring-security-web-6.4.4.jar:6.4.4]
	at org.springframework.security.web.ObservationFilterChainDecorator$VirtualFilterChain.doFilter(ObservationFilterChainDecorator.java:128) ~[spring-security-web-6.4.4.jar:6.4.4]
	at org.springframework.security.web.access.intercept.AuthorizationFilter.doFilter(AuthorizationFilter.java:101) ~[spring-security-web-6.4.4.jar:6.4.4]
	at org.springframework.security.web.ObservationFilterChainDecorator$ObservationFilter.wrapFilter(ObservationFilterChainDecorator.java:240) ~[spring-security-web-6.4.4.jar:6.4.4]
	at org.springframework.security.web.ObservationFilterChainDecorator$ObservationFilter.doFilter(ObservationFilterChainDecorator.java:227) ~[spring-security-web-6.4.4.jar:6.4.4]
	at org.springframework.security.web.ObservationFilterChainDecorator$VirtualFilterChain.doFilter(ObservationFilterChainDecorator.java:137) ~[spring-security-web-6.4.4.jar:6.4.4]
	at org.springframework.security.web.access.ExceptionTranslationFilter.doFilter(ExceptionTranslationFilter.java:126) ~[spring-security-web-6.4.4.jar:6.4.4]
	at org.springframework.security.web.access.ExceptionTranslationFilter.doFilter(ExceptionTranslationFilter.java:120) ~[spring-security-web-6.4.4.jar:6.4.4]
	at org.springframework.security.web.ObservationFilterChainDecorator$ObservationFilter.wrapFilter(ObservationFilterChainDecorator.java:240) ~[spring-security-web-6.4.4.jar:6.4.4]
	at org.springframework.security.web.ObservationFilterChainDecorator$ObservationFilter.doFilter(ObservationFilterChainDecorator.java:227) ~[spring-security-web-6.4.4.jar:6.4.4]
	at org.springframework.security.web.ObservationFilterChainDecorator$VirtualFilterChain.doFilter(ObservationFilterChainDecorator.java:137) ~[spring-security-web-6.4.4.jar:6.4.4]
	at org.springframework.security.web.session.SessionManagementFilter.doFilter(SessionManagementFilter.java:131) ~[spring-security-web-6.4.4.jar:6.4.4]
	at org.springframework.security.web.session.SessionManagementFilter.doFilter(SessionManagementFilter.java:85) ~[spring-security-web-6.4.4.jar:6.4.4]
	at org.springframework.security.web.ObservationFilterChainDecorator$ObservationFilter.wrapFilter(ObservationFilterChainDecorator.java:240) ~[spring-security-web-6.4.4.jar:6.4.4]
	at org.springframework.security.web.ObservationFilterChainDecorator$ObservationFilter.doFilter(ObservationFilterChainDecorator.java:227) ~[spring-security-web-6.4.4.jar:6.4.4]
	at org.springframework.security.web.ObservationFilterChainDecorator$VirtualFilterChain.doFilter(ObservationFilterChainDecorator.java:137) ~[spring-security-web-6.4.4.jar:6.4.4]
	at org.springframework.security.web.authentication.AnonymousAuthenticationFilter.doFilter(AnonymousAuthenticationFilter.java:100) ~[spring-security-web-6.4.4.jar:6.4.4]
	at org.springframework.security.web.ObservationFilterChainDecorator$ObservationFilter.wrapFilter(ObservationFilterChainDecorator.java:240) ~[spring-security-web-6.4.4.jar:6.4.4]
	at org.springframework.security.web.ObservationFilterChainDecorator$ObservationFilter.doFilter(ObservationFilterChainDecorator.java:227) ~[spring-security-web-6.4.4.jar:6.4.4]
	at org.springframework.security.web.ObservationFilterChainDecorator$VirtualFilterChain.doFilter(ObservationFilterChainDecorator.java:137) ~[spring-security-web-6.4.4.jar:6.4.4]
	at org.springframework.security.web.servletapi.SecurityContextHolderAwareRequestFilter.doFilter(SecurityContextHolderAwareRequestFilter.java:179) ~[spring-security-web-6.4.4.jar:6.4.4]
	at org.springframework.security.web.ObservationFilterChainDecorator$ObservationFilter.wrapFilter(ObservationFilterChainDecorator.java:240) ~[spring-security-web-6.4.4.jar:6.4.4]
	at org.springframework.security.web.ObservationFilterChainDecorator$ObservationFilter.doFilter(ObservationFilterChainDecorator.java:227) ~[spring-security-web-6.4.4.jar:6.4.4]
	at org.springframework.security.web.ObservationFilterChainDecorator$VirtualFilterChain.doFilter(ObservationFilterChainDecorator.java:137) ~[spring-security-web-6.4.4.jar:6.4.4]
	at org.springframework.security.web.savedrequest.RequestCacheAwareFilter.doFilter(RequestCacheAwareFilter.java:63) ~[spring-security-web-6.4.4.jar:6.4.4]
	at org.springframework.security.web.ObservationFilterChainDecorator$ObservationFilter.wrapFilter(ObservationFilterChainDecorator.java:240) ~[spring-security-web-6.4.4.jar:6.4.4]
	at org.springframework.security.web.ObservationFilterChainDecorator$ObservationFilter.doFilter(ObservationFilterChainDecorator.java:227) ~[spring-security-web-6.4.4.jar:6.4.4]
	at org.springframework.security.web.ObservationFilterChainDecorator$VirtualFilterChain.doFilter(ObservationFilterChainDecorator.java:137) ~[spring-security-web-6.4.4.jar:6.4.4]
	at com.starter.backend.security.JwtAuthFilter.doFilterInternal(JwtAuthFilter.java:54) ~[classes/:na]
	at org.springframework.web.filter.OncePerRequestFilter.doFilter(OncePerRequestFilter.java:116) ~[spring-web-6.2.5.jar:6.2.5]
	at org.springframework.security.web.ObservationFilterChainDecorator$ObservationFilter.wrapFilter(ObservationFilterChainDecorator.java:240) ~[spring-security-web-6.4.4.jar:6.4.4]
	at org.springframework.security.web.ObservationFilterChainDecorator$ObservationFilter.doFilter(ObservationFilterChainDecorator.java:227) ~[spring-security-web-6.4.4.jar:6.4.4]
	at org.springframework.security.web.ObservationFilterChainDecorator$VirtualFilterChain.doFilter(ObservationFilterChainDecorator.java:137) ~[spring-security-web-6.4.4.jar:6.4.4]
	at org.springframework.security.web.authentication.logout.LogoutFilter.doFilter(LogoutFilter.java:107) ~[spring-security-web-6.4.4.jar:6.4.4]
	at org.springframework.security.web.authentication.logout.LogoutFilter.doFilter(LogoutFilter.java:93) ~[spring-security-web-6.4.4.jar:6.4.4]
	at org.springframework.security.web.ObservationFilterChainDecorator$ObservationFilter.wrapFilter(ObservationFilterChainDecorator.java:240) ~[spring-security-web-6.4.4.jar:6.4.4]
	at org.springframework.security.web.ObservationFilterChainDecorator$ObservationFilter.doFilter(ObservationFilterChainDecorator.java:227) ~[spring-security-web-6.4.4.jar:6.4.4]
	at org.springframework.security.web.ObservationFilterChainDecorator$VirtualFilterChain.doFilter(ObservationFilterChainDecorator.java:137) ~[spring-security-web-6.4.4.jar:6.4.4]
	at org.springframework.web.filter.CorsFilter.doFilterInternal(CorsFilter.java:91) ~[spring-web-6.2.5.jar:6.2.5]
	at org.springframework.web.filter.OncePerRequestFilter.doFilter(OncePerRequestFilter.java:116) ~[spring-web-6.2.5.jar:6.2.5]
	at org.springframework.security.web.ObservationFilterChainDecorator$ObservationFilter.wrapFilter(ObservationFilterChainDecorator.java:240) ~[spring-security-web-6.4.4.jar:6.4.4]
	at org.springframework.security.web.ObservationFilterChainDecorator$ObservationFilter.doFilter(ObservationFilterChainDecorator.java:227) ~[spring-security-web-6.4.4.jar:6.4.4]
	at org.springframework.security.web.ObservationFilterChainDecorator$VirtualFilterChain.doFilter(ObservationFilterChainDecorator.java:137) ~[spring-security-web-6.4.4.jar:6.4.4]
	at org.springframework.security.web.header.HeaderWriterFilter.doHeadersAfter(HeaderWriterFilter.java:90) ~[spring-security-web-6.4.4.jar:6.4.4]
	at org.springframework.security.web.header.HeaderWriterFilter.doFilterInternal(HeaderWriterFilter.java:75) ~[spring-security-web-6.4.4.jar:6.4.4]
	at org.springframework.web.filter.OncePerRequestFilter.doFilter(OncePerRequestFilter.java:116) ~[spring-web-6.2.5.jar:6.2.5]
	at org.springframework.security.web.ObservationFilterChainDecorator$ObservationFilter.wrapFilter(ObservationFilterChainDecorator.java:240) ~[spring-security-web-6.4.4.jar:6.4.4]
	at org.springframework.security.web.ObservationFilterChainDecorator$ObservationFilter.doFilter(ObservationFilterChainDecorator.java:227) ~[spring-security-web-6.4.4.jar:6.4.4]
	at org.springframework.security.web.ObservationFilterChainDecorator$VirtualFilterChain.doFilter(ObservationFilterChainDecorator.java:137) ~[spring-security-web-6.4.4.jar:6.4.4]
	at org.springframework.security.web.context.SecurityContextHolderFilter.doFilter(SecurityContextHolderFilter.java:82) ~[spring-security-web-6.4.4.jar:6.4.4]
	at org.springframework.security.web.context.SecurityContextHolderFilter.doFilter(SecurityContextHolderFilter.java:69) ~[spring-security-web-6.4.4.jar:6.4.4]
	at org.springframework.security.web.ObservationFilterChainDecorator$ObservationFilter.wrapFilter(ObservationFilterChainDecorator.java:240) ~[spring-security-web-6.4.4.jar:6.4.4]
	at org.springframework.security.web.ObservationFilterChainDecorator$ObservationFilter.doFilter(ObservationFilterChainDecorator.java:227) ~[spring-security-web-6.4.4.jar:6.4.4]
	at org.springframework.security.web.ObservationFilterChainDecorator$VirtualFilterChain.doFilter(ObservationFilterChainDecorator.java:137) ~[spring-security-web-6.4.4.jar:6.4.4]
	at org.springframework.security.web.context.request.async.WebAsyncManagerIntegrationFilter.doFilterInternal(WebAsyncManagerIntegrationFilter.java:62) ~[spring-security-web-6.4.4.jar:6.4.4]
	at org.springframework.web.filter.OncePerRequestFilter.doFilter(OncePerRequestFilter.java:116) ~[spring-web-6.2.5.jar:6.2.5]
	at org.springframework.security.web.ObservationFilterChainDecorator$ObservationFilter.wrapFilter(ObservationFilterChainDecorator.java:240) ~[spring-security-web-6.4.4.jar:6.4.4]
	at org.springframework.security.web.ObservationFilterChainDecorator$ObservationFilter.doFilter(ObservationFilterChainDecorator.java:227) ~[spring-security-web-6.4.4.jar:6.4.4]
	at org.springframework.security.web.ObservationFilterChainDecorator$VirtualFilterChain.doFilter(ObservationFilterChainDecorator.java:137) ~[spring-security-web-6.4.4.jar:6.4.4]
	at org.springframework.security.web.session.DisableEncodeUrlFilter.doFilterInternal(DisableEncodeUrlFilter.java:42) ~[spring-security-web-6.4.4.jar:6.4.4]
	at org.springframework.web.filter.OncePerRequestFilter.doFilter(OncePerRequestFilter.java:116) ~[spring-web-6.2.5.jar:6.2.5]
	at org.springframework.security.web.ObservationFilterChainDecorator$ObservationFilter.wrapFilter(ObservationFilterChainDecorator.java:240) ~[spring-security-web-6.4.4.jar:6.4.4]
	at org.springframework.security.web.ObservationFilterChainDecorator$AroundFilterObservation$SimpleAroundFilterObservation.lambda$wrap$0(ObservationFilterChainDecorator.java:323) ~[spring-security-web-6.4.4.jar:6.4.4]
	at org.springframework.security.web.ObservationFilterChainDecorator$ObservationFilter.doFilter(ObservationFilterChainDecorator.java:224) ~[spring-security-web-6.4.4.jar:6.4.4]
	at org.springframework.security.web.ObservationFilterChainDecorator$VirtualFilterChain.doFilter(ObservationFilterChainDecorator.java:137) ~[spring-security-web-6.4.4.jar:6.4.4]
	at org.springframework.security.web.FilterChainProxy.doFilterInternal(FilterChainProxy.java:233) ~[spring-security-web-6.4.4.jar:6.4.4]
	at org.springframework.security.web.FilterChainProxy.doFilter(FilterChainProxy.java:191) ~[spring-security-web-6.4.4.jar:6.4.4]
	at org.springframework.web.filter.CompositeFilter$VirtualFilterChain.doFilter(CompositeFilter.java:113) ~[spring-web-6.2.5.jar:6.2.5]
	at org.springframework.web.servlet.handler.HandlerMappingIntrospector.lambda$createCacheFilter$3(HandlerMappingIntrospector.java:243) ~[spring-webmvc-6.2.5.jar:6.2.5]
	at org.springframework.web.filter.CompositeFilter$VirtualFilterChain.doFilter(CompositeFilter.java:113) ~[spring-web-6.2.5.jar:6.2.5]
	at org.springframework.web.filter.CompositeFilter.doFilter(CompositeFilter.java:74) ~[spring-web-6.2.5.jar:6.2.5]
	at org.springframework.security.config.annotation.web.configuration.WebMvcSecurityConfiguration$CompositeFilterChainProxy.doFilter(WebMvcSecurityConfiguration.java:238) ~[spring-security-config-6.4.4.jar:6.4.4]
	at org.springframework.web.filter.DelegatingFilterProxy.invokeDelegate(DelegatingFilterProxy.java:362) ~[spring-web-6.2.5.jar:6.2.5]
	at org.springframework.web.filter.DelegatingFilterProxy.doFilter(DelegatingFilterProxy.java:278) ~[spring-web-6.2.5.jar:6.2.5]
	at org.apache.catalina.core.ApplicationFilterChain.internalDoFilter(ApplicationFilterChain.java:164) ~[tomcat-embed-core-10.1.36.jar:10.1.36]
	at org.apache.catalina.core.ApplicationFilterChain.doFilter(ApplicationFilterChain.java:140) ~[tomcat-embed-core-10.1.36.jar:10.1.36]
	at org.springframework.web.filter.RequestContextFilter.doFilterInternal(RequestContextFilter.java:100) ~[spring-web-6.2.5.jar:6.2.5]
	at org.springframework.web.filter.OncePerRequestFilter.doFilter(OncePerRequestFilter.java:116) ~[spring-web-6.2.5.jar:6.2.5]
	at org.apache.catalina.core.ApplicationFilterChain.internalDoFilter(ApplicationFilterChain.java:164) ~[tomcat-embed-core-10.1.36.jar:10.1.36]
	at org.apache.catalina.core.ApplicationFilterChain.doFilter(ApplicationFilterChain.java:140) ~[tomcat-embed-core-10.1.36.jar:10.1.36]
	at org.springframework.web.filter.FormContentFilter.doFilterInternal(FormContentFilter.java:93) ~[spring-web-6.2.5.jar:6.2.5]
	at org.springframework.web.filter.OncePerRequestFilter.doFilter(OncePerRequestFilter.java:116) ~[spring-web-6.2.5.jar:6.2.5]
	at org.apache.catalina.core.ApplicationFilterChain.internalDoFilter(ApplicationFilterChain.java:164) ~[tomcat-embed-core-10.1.36.jar:10.1.36]
	at org.apache.catalina.core.ApplicationFilterChain.doFilter(ApplicationFilterChain.java:140) ~[tomcat-embed-core-10.1.36.jar:10.1.36]
	at org.springframework.web.filter.ServerHttpObservationFilter.doFilterInternal(ServerHttpObservationFilter.java:114) ~[spring-web-6.2.5.jar:6.2.5]
	at org.springframework.web.filter.OncePerRequestFilter.doFilter(OncePerRequestFilter.java:116) ~[spring-web-6.2.5.jar:6.2.5]
	at org.apache.catalina.core.ApplicationFilterChain.internalDoFilter(ApplicationFilterChain.java:164) ~[tomcat-embed-core-10.1.36.jar:10.1.36]
	at org.apache.catalina.core.ApplicationFilterChain.doFilter(ApplicationFilterChain.java:140) ~[tomcat-embed-core-10.1.36.jar:10.1.36]
	at org.springframework.web.filter.CharacterEncodingFilter.doFilterInternal(CharacterEncodingFilter.java:201) ~[spring-web-6.2.5.jar:6.2.5]
	at org.springframework.web.filter.OncePerRequestFilter.doFilter(OncePerRequestFilter.java:116) ~[spring-web-6.2.5.jar:6.2.5]
	at org.apache.catalina.core.ApplicationFilterChain.internalDoFilter(ApplicationFilterChain.java:164) ~[tomcat-embed-core-10.1.36.jar:10.1.36]
	at org.apache.catalina.core.ApplicationFilterChain.doFilter(ApplicationFilterChain.java:140) ~[tomcat-embed-core-10.1.36.jar:10.1.36]
	at org.apache.catalina.core.StandardWrapperValve.invoke(StandardWrapperValve.java:167) ~[tomcat-embed-core-10.1.36.jar:10.1.36]
	at org.apache.catalina.core.StandardContextValve.invoke(StandardContextValve.java:90) ~[tomcat-embed-core-10.1.36.jar:10.1.36]
	at org.apache.catalina.authenticator.AuthenticatorBase.invoke(AuthenticatorBase.java:483) ~[tomcat-embed-core-10.1.36.jar:10.1.36]
	at org.apache.catalina.core.StandardHostValve.invoke(StandardHostValve.java:115) ~[tomcat-embed-core-10.1.36.jar:10.1.36]
	at org.apache.catalina.valves.ErrorReportValve.invoke(ErrorReportValve.java:93) ~[tomcat-embed-core-10.1.36.jar:10.1.36]
	at org.apache.catalina.core.StandardEngineValve.invoke(StandardEngineValve.java:74) ~[tomcat-embed-core-10.1.36.jar:10.1.36]
	at org.apache.catalina.connector.CoyoteAdapter.service(CoyoteAdapter.java:344) ~[tomcat-embed-core-10.1.36.jar:10.1.36]
	at org.apache.coyote.http11.Http11Processor.service(Http11Processor.java:397) ~[tomcat-embed-core-10.1.36.jar:10.1.36]
	at org.apache.coyote.AbstractProcessorLight.process(AbstractProcessorLight.java:63) ~[tomcat-embed-core-10.1.36.jar:10.1.36]
	at org.apache.coyote.AbstractProtocol$ConnectionHandler.process(AbstractProtocol.java:905) ~[tomcat-embed-core-10.1.36.jar:10.1.36]
	at org.apache.tomcat.util.net.NioEndpoint$SocketProcessor.doRun(NioEndpoint.java:1743) ~[tomcat-embed-core-10.1.36.jar:10.1.36]
	at org.apache.tomcat.util.net.SocketProcessorBase.run(SocketProcessorBase.java:52) ~[tomcat-embed-core-10.1.36.jar:10.1.36]
	at org.apache.tomcat.util.threads.ThreadPoolExecutor.runWorker(ThreadPoolExecutor.java:1190) ~[tomcat-embed-core-10.1.36.jar:10.1.36]
	at org.apache.tomcat.util.threads.ThreadPoolExecutor$Worker.run(ThreadPoolExecutor.java:659) ~[tomcat-embed-core-10.1.36.jar:10.1.36]
	at org.apache.tomcat.util.threads.TaskThread$WrappingRunnable.run(TaskThread.java:63) ~[tomcat-embed-core-10.1.36.jar:10.1.36]
	at java.base/java.lang.Thread.run(Thread.java:1583) ~[na:na]

2025-06-02T08:38:02.872+02:00 ERROR 7232 --- [backend] [http-nio-8081-exec-2] c.s.backend.security.JwtAuthEntryPoint   : responding with unauthorized error.message - Full authentication is required to access this resource
2025-06-02T08:39:45.624+02:00  WARN 7232 --- [backend] [http-nio-8081-exec-3] .w.s.m.s.DefaultHandlerExceptionResolver : Resolved [org.springframework.http.converter.HttpMessageNotReadableException: JSON parse error: Cannot deserialize value of type `com.starter.backend.enums.EGender` from String "OTHER": not one of the values accepted for Enum class: [FEMALE, MALE]]
2025-06-02T08:39:45.628+02:00 ERROR 7232 --- [backend] [http-nio-8081-exec-3] c.s.backend.security.JwtAuthEntryPoint   : responding with unauthorized error.message - Full authentication is required to access this resource
2025-06-02T08:40:30.013+02:00  WARN 7232 --- [backend] [http-nio-8081-exec-7] .w.s.m.s.DefaultHandlerExceptionResolver : Resolved [org.springframework.http.converter.HttpMessageNotReadableException: JSON parse error: Cannot deserialize value of type `com.starter.backend.enums.EGender` from String "OTHER": not one of the values accepted for Enum class: [FEMALE, MALE]]
2025-06-02T08:40:30.021+02:00 ERROR 7232 --- [backend] [http-nio-8081-exec-7] c.s.backend.security.JwtAuthEntryPoint   : responding with unauthorized error.message - Full authentication is required to access this resource
2025-06-02T08:40:57.434+02:00  WARN 7232 --- [backend] [http-nio-8081-exec-10] .w.s.m.s.DefaultHandlerExceptionResolver : Resolved [org.springframework.http.converter.HttpMessageNotReadableException: JSON parse error: Cannot deserialize value of type `com.starter.backend.enums.EGender` from String "OTHER": not one of the values accepted for Enum class: [FEMALE, MALE]]
2025-06-02T08:40:57.441+02:00 ERROR 7232 --- [backend] [http-nio-8081-exec-10] c.s.backend.security.JwtAuthEntryPoint   : responding with unauthorized error.message - Full authentication is required to access this resource
2025-06-02T08:40:58.047+02:00  WARN 7232 --- [backend] [http-nio-8081-exec-2] .w.s.m.s.DefaultHandlerExceptionResolver : Resolved [org.springframework.http.converter.HttpMessageNotReadableException: JSON parse error: Cannot deserialize value of type `com.starter.backend.enums.EGender` from String "OTHER": not one of the values accepted for Enum class: [FEMALE, MALE]]
2025-06-02T08:40:58.057+02:00 ERROR 7232 --- [backend] [http-nio-8081-exec-2] c.s.backend.security.JwtAuthEntryPoint   : responding with unauthorized error.message - Full authentication is required to access this resource
2025-06-02T08:43:42.927+02:00  WARN 7232 --- [backend] [http-nio-8081-exec-3] .w.s.m.s.DefaultHandlerExceptionResolver : Resolved [org.springframework.http.converter.HttpMessageNotReadableException: JSON parse error: Cannot deserialize value of type `com.starter.backend.enums.EGender` from String "OTHER": not one of the values accepted for Enum class: [FEMALE, MALE]]
2025-06-02T08:43:42.931+02:00 ERROR 7232 --- [backend] [http-nio-8081-exec-3] c.s.backend.security.JwtAuthEntryPoint   : responding with unauthorized error.message - Full authentication is required to access this resource
2025-06-02T08:43:45.059+02:00  WARN 7232 --- [backend] [http-nio-8081-exec-6] .w.s.m.s.DefaultHandlerExceptionResolver : Resolved [org.springframework.http.converter.HttpMessageNotReadableException: JSON parse error: Cannot deserialize value of type `com.starter.backend.enums.EGender` from String "OTHER": not one of the values accepted for Enum class: [FEMALE, MALE]]
2025-06-02T08:43:45.062+02:00 ERROR 7232 --- [backend] [http-nio-8081-exec-6] c.s.backend.security.JwtAuthEntryPoint   : responding with unauthorized error.message - Full authentication is required to access this resource
2025-06-02T08:56:12.007+02:00  INFO 7232 --- [backend] [MessageBroker-2] o.s.w.s.c.WebSocketMessageBrokerStats    : WebSocketSession[0 current WS(0)-HttpStream(0)-HttpPoll(0), 0 total, 0 closed abnormally (0 connect failure, 0 send limit, 0 transport error)], stompSubProtocol[processed CONNECT(0)-CONNECTED(0)-DISCONNECT(0)], stompBrokerRelay[null], inboundChannel[pool size = 0, active threads = 0, queued tasks = 0, completed tasks = 0], outboundChannel[pool size = 0, active threads = 0, queued tasks = 0, completed tasks = 0], sockJsScheduler[pool size = 3, active threads = 1, queued tasks = 1, completed tasks = 1]
2025-06-02T09:06:38.786+02:00 ERROR 7232 --- [backend] [http-nio-8081-exec-9] c.s.backend.security.JwtAuthEntryPoint   : responding with unauthorized error.message - Full authentication is required to access this resource
2025-06-02T09:06:38.796+02:00 ERROR 7232 --- [backend] [http-nio-8081-exec-9] c.s.backend.security.JwtAuthEntryPoint   : responding with unauthorized error.message - Full authentication is required to access this resource
2025-06-02T09:09:36.676+02:00 ERROR 7232 --- [backend] [http-nio-8081-exec-10] c.s.backend.security.JwtAuthEntryPoint   : responding with unauthorized error.message - Full authentication is required to access this resource
2025-06-02T09:09:36.684+02:00 ERROR 7232 --- [backend] [http-nio-8081-exec-10] c.s.backend.security.JwtAuthEntryPoint   : responding with unauthorized error.message - Full authentication is required to access this resource
2025-06-02T09:09:39.907+02:00 ERROR 7232 --- [backend] [http-nio-8081-exec-2] c.s.backend.security.JwtAuthEntryPoint   : responding with unauthorized error.message - Full authentication is required to access this resource
2025-06-02T09:09:39.910+02:00 ERROR 7232 --- [backend] [http-nio-8081-exec-2] c.s.backend.security.JwtAuthEntryPoint   : responding with unauthorized error.message - Full authentication is required to access this resource
2025-06-02T09:09:54.826+02:00  INFO 7232 --- [backend] [SpringApplicationShutdownHook] o.s.b.w.e.tomcat.GracefulShutdown        : Commencing graceful shutdown. Waiting for active requests to complete
2025-06-02T09:09:54.888+02:00  INFO 7232 --- [backend] [tomcat-shutdown] o.s.b.w.e.tomcat.GracefulShutdown        : Graceful shutdown complete
2025-06-02T09:09:54.904+02:00  INFO 7232 --- [backend] [SpringApplicationShutdownHook] o.s.m.s.b.SimpleBrokerMessageHandler     : Stopping...
2025-06-02T09:09:54.904+02:00  INFO 7232 --- [backend] [SpringApplicationShutdownHook] o.s.m.s.b.SimpleBrokerMessageHandler     : BrokerAvailabilityEvent[available=false, SimpleBrokerMessageHandler [org.springframework.messaging.simp.broker.DefaultSubscriptionRegistry@4f4a6f8c]]
2025-06-02T09:09:54.905+02:00  INFO 7232 --- [backend] [SpringApplicationShutdownHook] o.s.m.s.b.SimpleBrokerMessageHandler     : Stopped.
2025-06-02T09:09:54.954+02:00  INFO 7232 --- [backend] [SpringApplicationShutdownHook] j.LocalContainerEntityManagerFactoryBean : Closing JPA EntityManagerFactory for persistence unit 'default'
2025-06-02T09:09:55.002+02:00  INFO 7232 --- [backend] [SpringApplicationShutdownHook] com.zaxxer.hikari.HikariDataSource       : HikariPool-1 - Shutdown initiated...
2025-06-02T09:09:55.009+02:00  INFO 7232 --- [backend] [SpringApplicationShutdownHook] com.zaxxer.hikari.HikariDataSource       : HikariPool-1 - Shutdown completed.
2025-06-02T09:09:56.902+02:00  INFO 22157 --- [backend] [restartedMain] com.starter.backend.BackendApplication   : Starting BackendApplication using Java 21.0.7 with PID 22157 (/Users/0xjonaseb11/Documents/ACADEMICS/JAVA/SPRING-TASK/backend/target/classes started by 0xjonaseb11 in /Users/0xjonaseb11/Documents/ACADEMICS/JAVA/SPRING-TASK)
2025-06-02T09:09:56.903+02:00  INFO 22157 --- [backend] [restartedMain] com.starter.backend.BackendApplication   : The following 1 profile is active: "dev"
2025-06-02T09:09:56.924+02:00  INFO 22157 --- [backend] [restartedMain] .e.DevToolsPropertyDefaultsPostProcessor : Devtools property defaults active! Set 'spring.devtools.add-properties' to 'false' to disable
2025-06-02T09:09:56.924+02:00  INFO 22157 --- [backend] [restartedMain] .e.DevToolsPropertyDefaultsPostProcessor : For additional web related logging consider setting the 'logging.level.web' property to 'DEBUG'
2025-06-02T09:09:57.532+02:00  INFO 22157 --- [backend] [restartedMain] .s.d.r.c.RepositoryConfigurationDelegate : Bootstrapping Spring Data JPA repositories in DEFAULT mode.
2025-06-02T09:09:57.560+02:00  INFO 22157 --- [backend] [restartedMain] .s.d.r.c.RepositoryConfigurationDelegate : Finished Spring Data repository scanning in 24 ms. Found 5 JPA repository interfaces.
2025-06-02T09:09:58.066+02:00  INFO 22157 --- [backend] [restartedMain] o.s.b.w.embedded.tomcat.TomcatWebServer  : Tomcat initialized with port 8081 (http)
2025-06-02T09:09:58.072+02:00  INFO 22157 --- [backend] [restartedMain] o.apache.catalina.core.StandardService   : Starting service [Tomcat]
2025-06-02T09:09:58.073+02:00  INFO 22157 --- [backend] [restartedMain] o.apache.catalina.core.StandardEngine    : Starting Servlet engine: [Apache Tomcat/10.1.36]
2025-06-02T09:09:58.091+02:00  INFO 22157 --- [backend] [restartedMain] o.a.c.c.C.[Tomcat].[localhost].[/]       : Initializing Spring embedded WebApplicationContext
2025-06-02T09:09:58.092+02:00  INFO 22157 --- [backend] [restartedMain] w.s.c.ServletWebServerApplicationContext : Root WebApplicationContext: initialization completed in 1168 ms
2025-06-02T09:09:58.329+02:00  INFO 22157 --- [backend] [restartedMain] o.hibernate.jpa.internal.util.LogHelper  : HHH000204: Processing PersistenceUnitInfo [name: default]
2025-06-02T09:09:58.370+02:00  INFO 22157 --- [backend] [restartedMain] org.hibernate.Version                    : HHH000412: Hibernate ORM core version 6.6.8.Final
2025-06-02T09:09:58.386+02:00  INFO 22157 --- [backend] [restartedMain] o.h.c.internal.RegionFactoryInitiator    : HHH000026: Second-level cache disabled
2025-06-02T09:09:58.512+02:00  INFO 22157 --- [backend] [restartedMain] o.s.o.j.p.SpringPersistenceUnitInfo      : No LoadTimeWeaver setup: ignoring JPA class transformer
2025-06-02T09:09:58.529+02:00  INFO 22157 --- [backend] [restartedMain] com.zaxxer.hikari.HikariDataSource       : HikariPool-1 - Starting...
2025-06-02T09:09:58.592+02:00  INFO 22157 --- [backend] [restartedMain] com.zaxxer.hikari.pool.HikariPool        : HikariPool-1 - Added connection org.postgresql.jdbc.PgConnection@3d8d409a
2025-06-02T09:09:58.593+02:00  INFO 22157 --- [backend] [restartedMain] com.zaxxer.hikari.HikariDataSource       : HikariPool-1 - Start completed.
2025-06-02T09:09:58.623+02:00  WARN 22157 --- [backend] [restartedMain] org.hibernate.orm.deprecation            : HHH90000025: PostgreSQLDialect does not need to be specified explicitly using 'hibernate.dialect' (remove the property setting and it will be selected by default)
2025-06-02T09:09:58.632+02:00  INFO 22157 --- [backend] [restartedMain] org.hibernate.orm.connections.pooling    : HHH10001005: Database info:
	Database JDBC URL [Connecting through datasource 'HikariDataSource (HikariPool-1)']
	Database driver: undefined/unknown
	Database version: 15.13
	Autocommit mode: undefined/unknown
	Isolation level: undefined/unknown
	Minimum pool size: undefined/unknown
	Maximum pool size: undefined/unknown
2025-06-02T09:09:59.118+02:00  INFO 22157 --- [backend] [restartedMain] o.h.e.t.j.p.i.JtaPlatformInitiator       : HHH000489: No JTA platform available (set 'hibernate.transaction.jta.platform' to enable JTA platform integration)
2025-06-02T09:09:59.299+02:00  INFO 22157 --- [backend] [restartedMain] j.LocalContainerEntityManagerFactoryBean : Initialized JPA EntityManagerFactory for persistence unit 'default'
2025-06-02T09:09:59.702+02:00  INFO 22157 --- [backend] [restartedMain] eAuthenticationProviderManagerConfigurer : Global AuthenticationManager configured with AuthenticationProvider bean with name authenticationProvider
2025-06-02T09:09:59.702+02:00  WARN 22157 --- [backend] [restartedMain] r$InitializeUserDetailsManagerConfigurer : Global AuthenticationManager configured with an AuthenticationProvider bean. UserDetailsService beans will not be used by Spring Security for automatically configuring username/password login. Consider removing the AuthenticationProvider bean. Alternatively, consider using the UserDetailsService in a manually instantiated DaoAuthenticationProvider. If the current configuration is intentional, to turn off this warning, increase the logging level of 'org.springframework.security.config.annotation.authentication.configuration.InitializeUserDetailsBeanManagerConfigurer' to ERROR
2025-06-02T09:09:59.965+02:00  INFO 22157 --- [backend] [restartedMain] o.s.d.j.r.query.QueryEnhancerFactory     : Hibernate is in classpath; If applicable, HQL parser will be used.
2025-06-02T09:10:00.307+02:00  WARN 22157 --- [backend] [restartedMain] JpaBaseConfiguration$JpaWebConfiguration : spring.jpa.open-in-view is enabled by default. Therefore, database queries may be performed during view rendering. Explicitly configure spring.jpa.open-in-view to disable this warning
2025-06-02T09:10:00.777+02:00  INFO 22157 --- [backend] [restartedMain] o.s.b.a.e.web.EndpointLinksResolver      : Exposing 1 endpoint beneath base path '/actuator'
2025-06-02T09:10:01.578+02:00  INFO 22157 --- [backend] [restartedMain] o.s.b.d.a.OptionalLiveReloadServer       : LiveReload server is running on port 35729
2025-06-02T09:10:01.625+02:00  INFO 22157 --- [backend] [restartedMain] o.s.m.s.b.SimpleBrokerMessageHandler     : Starting...
2025-06-02T09:10:01.625+02:00  INFO 22157 --- [backend] [restartedMain] o.s.m.s.b.SimpleBrokerMessageHandler     : BrokerAvailabilityEvent[available=true, SimpleBrokerMessageHandler [org.springframework.messaging.simp.broker.DefaultSubscriptionRegistry@623655d4]]
2025-06-02T09:10:01.625+02:00  INFO 22157 --- [backend] [restartedMain] o.s.m.s.b.SimpleBrokerMessageHandler     : Started.
2025-06-02T09:10:01.637+02:00  INFO 22157 --- [backend] [restartedMain] o.s.b.w.embedded.tomcat.TomcatWebServer  : Tomcat started on port 8081 (http) with context path '/'
2025-06-02T09:10:01.651+02:00  INFO 22157 --- [backend] [restartedMain] com.starter.backend.BackendApplication   : Started BackendApplication in 4.997 seconds (process running for 5.849)
2025-06-02T09:10:01.791+02:00  INFO 22157 --- [backend] [RMI TCP Connection(4)-127.0.0.1] o.a.c.c.C.[Tomcat].[localhost].[/]       : Initializing Spring DispatcherServlet 'dispatcherServlet'
2025-06-02T09:10:01.791+02:00  INFO 22157 --- [backend] [RMI TCP Connection(4)-127.0.0.1] o.s.web.servlet.DispatcherServlet        : Initializing Servlet 'dispatcherServlet'
2025-06-02T09:10:01.796+02:00  INFO 22157 --- [backend] [RMI TCP Connection(4)-127.0.0.1] o.s.web.servlet.DispatcherServlet        : Completed initialization in 5 ms
2025-06-02T09:10:14.295+02:00 ERROR 22157 --- [backend] [http-nio-8081-exec-1] c.s.backend.security.JwtAuthEntryPoint   : responding with unauthorized error.message - Full authentication is required to access this resource
2025-06-02T09:10:14.311+02:00 ERROR 22157 --- [backend] [http-nio-8081-exec-1] c.s.backend.security.JwtAuthEntryPoint   : responding with unauthorized error.message - Full authentication is required to access this resource
2025-06-02T09:10:15.728+02:00 ERROR 22157 --- [backend] [http-nio-8081-exec-4] c.s.backend.security.JwtAuthEntryPoint   : responding with unauthorized error.message - Full authentication is required to access this resource
2025-06-02T09:10:15.731+02:00 ERROR 22157 --- [backend] [http-nio-8081-exec-4] c.s.backend.security.JwtAuthEntryPoint   : responding with unauthorized error.message - Full authentication is required to access this resource
2025-06-02T09:11:01.626+02:00  INFO 22157 --- [backend] [MessageBroker-1] o.s.w.s.c.WebSocketMessageBrokerStats    : WebSocketSession[0 current WS(0)-HttpStream(0)-HttpPoll(0), 0 total, 0 closed abnormally (0 connect failure, 0 send limit, 0 transport error)], stompSubProtocol[processed CONNECT(0)-CONNECTED(0)-DISCONNECT(0)], stompBrokerRelay[null], inboundChannel[pool size = 0, active threads = 0, queued tasks = 0, completed tasks = 0], outboundChannel[pool size = 0, active threads = 0, queued tasks = 0, completed tasks = 0], sockJsScheduler[pool size = 2, active threads = 1, queued tasks = 1, completed tasks = 0]
2025-06-02T09:11:15.690+02:00 ERROR 22157 --- [backend] [http-nio-8081-exec-7] c.s.backend.security.JwtAuthEntryPoint   : responding with unauthorized error.message - Full authentication is required to access this resource
2025-06-02T09:11:15.698+02:00 ERROR 22157 --- [backend] [http-nio-8081-exec-7] c.s.backend.security.JwtAuthEntryPoint   : responding with unauthorized error.message - Full authentication is required to access this resource
2025-06-02T09:14:06.516+02:00 ERROR 22157 --- [backend] [http-nio-8081-exec-10] c.s.backend.security.JwtAuthEntryPoint   : responding with unauthorized error.message - Full authentication is required to access this resource
2025-06-02T09:14:06.528+02:00 ERROR 22157 --- [backend] [http-nio-8081-exec-10] c.s.backend.security.JwtAuthEntryPoint   : responding with unauthorized error.message - Full authentication is required to access this resource
2025-06-02T09:14:19.227+02:00  INFO 22157 --- [backend] [http-nio-8081-exec-2] c.starter.backend.aspects.LoggingAspect  : Entering method: ResponseEntity com.starter.backend.controllers.AuthController.signup(SignupDto) with arguements : [com.starter.backend.dtos.SignupDto@64dbd06e]
2025-06-02T09:14:19.525+02:00  INFO 22157 --- [backend] [http-nio-8081-exec-2] c.starter.backend.aspects.LoggingAspect  : Exiting method: ResponseEntity com.starter.backend.controllers.AuthController.signup(SignupDto) with error : User Role not set
2025-06-02T09:14:19.529+02:00 ERROR 22157 --- [backend] [http-nio-8081-exec-2] o.a.c.c.C.[.[.[/].[dispatcherServlet]    : Servlet.service() for servlet [dispatcherServlet] in context with path [] threw exception [Request processing failed: com.starter.backend.exceptions.ApiRequestException: User Role not set] with root cause

com.starter.backend.exceptions.ApiRequestException: User Role not set
	at com.starter.backend.controllers.AuthController.lambda$0(AuthController.java:72) ~[classes/:na]
	at java.base/java.util.Optional.orElseThrow(Optional.java:403) ~[na:na]
	at com.starter.backend.controllers.AuthController.signup(AuthController.java:72) ~[classes/:na]
	at java.base/jdk.internal.reflect.DirectMethodHandleAccessor.invoke(DirectMethodHandleAccessor.java:103) ~[na:na]
	at java.base/java.lang.reflect.Method.invoke(Method.java:580) ~[na:na]
	at org.springframework.aop.support.AopUtils.invokeJoinpointUsingReflection(AopUtils.java:359) ~[spring-aop-6.2.5.jar:6.2.5]
	at org.springframework.aop.framework.ReflectiveMethodInvocation.invokeJoinpoint(ReflectiveMethodInvocation.java:196) ~[spring-aop-6.2.5.jar:6.2.5]
	at org.springframework.aop.framework.ReflectiveMethodInvocation.proceed(ReflectiveMethodInvocation.java:163) ~[spring-aop-6.2.5.jar:6.2.5]
	at org.springframework.aop.aspectj.AspectJAfterThrowingAdvice.invoke(AspectJAfterThrowingAdvice.java:64) ~[spring-aop-6.2.5.jar:6.2.5]
	at org.springframework.aop.framework.ReflectiveMethodInvocation.proceed(ReflectiveMethodInvocation.java:184) ~[spring-aop-6.2.5.jar:6.2.5]
	at org.springframework.aop.framework.adapter.AfterReturningAdviceInterceptor.invoke(AfterReturningAdviceInterceptor.java:57) ~[spring-aop-6.2.5.jar:6.2.5]
	at org.springframework.aop.framework.ReflectiveMethodInvocation.proceed(ReflectiveMethodInvocation.java:184) ~[spring-aop-6.2.5.jar:6.2.5]
	at org.springframework.aop.framework.adapter.MethodBeforeAdviceInterceptor.invoke(MethodBeforeAdviceInterceptor.java:58) ~[spring-aop-6.2.5.jar:6.2.5]
	at org.springframework.aop.framework.ReflectiveMethodInvocation.proceed(ReflectiveMethodInvocation.java:184) ~[spring-aop-6.2.5.jar:6.2.5]
	at org.springframework.aop.interceptor.ExposeInvocationInterceptor.invoke(ExposeInvocationInterceptor.java:97) ~[spring-aop-6.2.5.jar:6.2.5]
	at org.springframework.aop.framework.ReflectiveMethodInvocation.proceed(ReflectiveMethodInvocation.java:184) ~[spring-aop-6.2.5.jar:6.2.5]
	at org.springframework.aop.framework.CglibAopProxy$DynamicAdvisedInterceptor.intercept(CglibAopProxy.java:727) ~[spring-aop-6.2.5.jar:6.2.5]
	at com.starter.backend.controllers.AuthController$$SpringCGLIB$$0.signup(<generated>) ~[classes/:na]
	at java.base/jdk.internal.reflect.DirectMethodHandleAccessor.invoke(DirectMethodHandleAccessor.java:103) ~[na:na]
	at java.base/java.lang.reflect.Method.invoke(Method.java:580) ~[na:na]
	at org.springframework.web.method.support.InvocableHandlerMethod.doInvoke(InvocableHandlerMethod.java:258) ~[spring-web-6.2.5.jar:6.2.5]
	at org.springframework.web.method.support.InvocableHandlerMethod.invokeForRequest(InvocableHandlerMethod.java:191) ~[spring-web-6.2.5.jar:6.2.5]
	at org.springframework.web.servlet.mvc.method.annotation.ServletInvocableHandlerMethod.invokeAndHandle(ServletInvocableHandlerMethod.java:118) ~[spring-webmvc-6.2.5.jar:6.2.5]
	at org.springframework.web.servlet.mvc.method.annotation.RequestMappingHandlerAdapter.invokeHandlerMethod(RequestMappingHandlerAdapter.java:986) ~[spring-webmvc-6.2.5.jar:6.2.5]
	at org.springframework.web.servlet.mvc.method.annotation.RequestMappingHandlerAdapter.handleInternal(RequestMappingHandlerAdapter.java:891) ~[spring-webmvc-6.2.5.jar:6.2.5]
	at org.springframework.web.servlet.mvc.method.AbstractHandlerMethodAdapter.handle(AbstractHandlerMethodAdapter.java:87) ~[spring-webmvc-6.2.5.jar:6.2.5]
	at org.springframework.web.servlet.DispatcherServlet.doDispatch(DispatcherServlet.java:1089) ~[spring-webmvc-6.2.5.jar:6.2.5]
	at org.springframework.web.servlet.DispatcherServlet.doService(DispatcherServlet.java:979) ~[spring-webmvc-6.2.5.jar:6.2.5]
	at org.springframework.web.servlet.FrameworkServlet.processRequest(FrameworkServlet.java:1014) ~[spring-webmvc-6.2.5.jar:6.2.5]
	at org.springframework.web.servlet.FrameworkServlet.doPost(FrameworkServlet.java:914) ~[spring-webmvc-6.2.5.jar:6.2.5]
	at jakarta.servlet.http.HttpServlet.service(HttpServlet.java:590) ~[tomcat-embed-core-10.1.36.jar:6.0]
	at org.springframework.web.servlet.FrameworkServlet.service(FrameworkServlet.java:885) ~[spring-webmvc-6.2.5.jar:6.2.5]
	at jakarta.servlet.http.HttpServlet.service(HttpServlet.java:658) ~[tomcat-embed-core-10.1.36.jar:6.0]
	at org.apache.catalina.core.ApplicationFilterChain.internalDoFilter(ApplicationFilterChain.java:195) ~[tomcat-embed-core-10.1.36.jar:10.1.36]
	at org.apache.catalina.core.ApplicationFilterChain.doFilter(ApplicationFilterChain.java:140) ~[tomcat-embed-core-10.1.36.jar:10.1.36]
	at org.apache.tomcat.websocket.server.WsFilter.doFilter(WsFilter.java:51) ~[tomcat-embed-websocket-10.1.36.jar:10.1.36]
	at org.apache.catalina.core.ApplicationFilterChain.internalDoFilter(ApplicationFilterChain.java:164) ~[tomcat-embed-core-10.1.36.jar:10.1.36]
	at org.apache.catalina.core.ApplicationFilterChain.doFilter(ApplicationFilterChain.java:140) ~[tomcat-embed-core-10.1.36.jar:10.1.36]
	at org.springframework.web.filter.OncePerRequestFilter.doFilter(OncePerRequestFilter.java:110) ~[spring-web-6.2.5.jar:6.2.5]
	at org.apache.catalina.core.ApplicationFilterChain.internalDoFilter(ApplicationFilterChain.java:164) ~[tomcat-embed-core-10.1.36.jar:10.1.36]
	at org.apache.catalina.core.ApplicationFilterChain.doFilter(ApplicationFilterChain.java:140) ~[tomcat-embed-core-10.1.36.jar:10.1.36]
	at com.starter.backend.security.JwtAuthFilter.doFilterInternal(JwtAuthFilter.java:54) ~[classes/:na]
	at org.springframework.web.filter.OncePerRequestFilter.doFilter(OncePerRequestFilter.java:116) ~[spring-web-6.2.5.jar:6.2.5]
	at org.apache.catalina.core.ApplicationFilterChain.internalDoFilter(ApplicationFilterChain.java:164) ~[tomcat-embed-core-10.1.36.jar:10.1.36]
	at org.apache.catalina.core.ApplicationFilterChain.doFilter(ApplicationFilterChain.java:140) ~[tomcat-embed-core-10.1.36.jar:10.1.36]
	at org.springframework.web.filter.CompositeFilter$VirtualFilterChain.doFilter(CompositeFilter.java:108) ~[spring-web-6.2.5.jar:6.2.5]
	at org.springframework.security.web.FilterChainProxy.lambda$doFilterInternal$3(FilterChainProxy.java:231) ~[spring-security-web-6.4.4.jar:6.4.4]
	at org.springframework.security.web.ObservationFilterChainDecorator$FilterObservation$SimpleFilterObservation.lambda$wrap$1(ObservationFilterChainDecorator.java:479) ~[spring-security-web-6.4.4.jar:6.4.4]
	at org.springframework.security.web.ObservationFilterChainDecorator$AroundFilterObservation$SimpleAroundFilterObservation.lambda$wrap$1(ObservationFilterChainDecorator.java:340) ~[spring-security-web-6.4.4.jar:6.4.4]
	at org.springframework.security.web.ObservationFilterChainDecorator.lambda$wrapSecured$0(ObservationFilterChainDecorator.java:82) ~[spring-security-web-6.4.4.jar:6.4.4]
	at org.springframework.security.web.ObservationFilterChainDecorator$VirtualFilterChain.doFilter(ObservationFilterChainDecorator.java:128) ~[spring-security-web-6.4.4.jar:6.4.4]
	at org.springframework.security.web.access.intercept.AuthorizationFilter.doFilter(AuthorizationFilter.java:101) ~[spring-security-web-6.4.4.jar:6.4.4]
	at org.springframework.security.web.ObservationFilterChainDecorator$ObservationFilter.wrapFilter(ObservationFilterChainDecorator.java:240) ~[spring-security-web-6.4.4.jar:6.4.4]
	at org.springframework.security.web.ObservationFilterChainDecorator$ObservationFilter.doFilter(ObservationFilterChainDecorator.java:227) ~[spring-security-web-6.4.4.jar:6.4.4]
	at org.springframework.security.web.ObservationFilterChainDecorator$VirtualFilterChain.doFilter(ObservationFilterChainDecorator.java:137) ~[spring-security-web-6.4.4.jar:6.4.4]
	at org.springframework.security.web.access.ExceptionTranslationFilter.doFilter(ExceptionTranslationFilter.java:126) ~[spring-security-web-6.4.4.jar:6.4.4]
	at org.springframework.security.web.access.ExceptionTranslationFilter.doFilter(ExceptionTranslationFilter.java:120) ~[spring-security-web-6.4.4.jar:6.4.4]
	at org.springframework.security.web.ObservationFilterChainDecorator$ObservationFilter.wrapFilter(ObservationFilterChainDecorator.java:240) ~[spring-security-web-6.4.4.jar:6.4.4]
	at org.springframework.security.web.ObservationFilterChainDecorator$ObservationFilter.doFilter(ObservationFilterChainDecorator.java:227) ~[spring-security-web-6.4.4.jar:6.4.4]
	at org.springframework.security.web.ObservationFilterChainDecorator$VirtualFilterChain.doFilter(ObservationFilterChainDecorator.java:137) ~[spring-security-web-6.4.4.jar:6.4.4]
	at org.springframework.security.web.session.SessionManagementFilter.doFilter(SessionManagementFilter.java:131) ~[spring-security-web-6.4.4.jar:6.4.4]
	at org.springframework.security.web.session.SessionManagementFilter.doFilter(SessionManagementFilter.java:85) ~[spring-security-web-6.4.4.jar:6.4.4]
	at org.springframework.security.web.ObservationFilterChainDecorator$ObservationFilter.wrapFilter(ObservationFilterChainDecorator.java:240) ~[spring-security-web-6.4.4.jar:6.4.4]
	at org.springframework.security.web.ObservationFilterChainDecorator$ObservationFilter.doFilter(ObservationFilterChainDecorator.java:227) ~[spring-security-web-6.4.4.jar:6.4.4]
	at org.springframework.security.web.ObservationFilterChainDecorator$VirtualFilterChain.doFilter(ObservationFilterChainDecorator.java:137) ~[spring-security-web-6.4.4.jar:6.4.4]
	at org.springframework.security.web.authentication.AnonymousAuthenticationFilter.doFilter(AnonymousAuthenticationFilter.java:100) ~[spring-security-web-6.4.4.jar:6.4.4]
	at org.springframework.security.web.ObservationFilterChainDecorator$ObservationFilter.wrapFilter(ObservationFilterChainDecorator.java:240) ~[spring-security-web-6.4.4.jar:6.4.4]
	at org.springframework.security.web.ObservationFilterChainDecorator$ObservationFilter.doFilter(ObservationFilterChainDecorator.java:227) ~[spring-security-web-6.4.4.jar:6.4.4]
	at org.springframework.security.web.ObservationFilterChainDecorator$VirtualFilterChain.doFilter(ObservationFilterChainDecorator.java:137) ~[spring-security-web-6.4.4.jar:6.4.4]
	at org.springframework.security.web.servletapi.SecurityContextHolderAwareRequestFilter.doFilter(SecurityContextHolderAwareRequestFilter.java:179) ~[spring-security-web-6.4.4.jar:6.4.4]
	at org.springframework.security.web.ObservationFilterChainDecorator$ObservationFilter.wrapFilter(ObservationFilterChainDecorator.java:240) ~[spring-security-web-6.4.4.jar:6.4.4]
	at org.springframework.security.web.ObservationFilterChainDecorator$ObservationFilter.doFilter(ObservationFilterChainDecorator.java:227) ~[spring-security-web-6.4.4.jar:6.4.4]
	at org.springframework.security.web.ObservationFilterChainDecorator$VirtualFilterChain.doFilter(ObservationFilterChainDecorator.java:137) ~[spring-security-web-6.4.4.jar:6.4.4]
	at org.springframework.security.web.savedrequest.RequestCacheAwareFilter.doFilter(RequestCacheAwareFilter.java:63) ~[spring-security-web-6.4.4.jar:6.4.4]
	at org.springframework.security.web.ObservationFilterChainDecorator$ObservationFilter.wrapFilter(ObservationFilterChainDecorator.java:240) ~[spring-security-web-6.4.4.jar:6.4.4]
	at org.springframework.security.web.ObservationFilterChainDecorator$ObservationFilter.doFilter(ObservationFilterChainDecorator.java:227) ~[spring-security-web-6.4.4.jar:6.4.4]
	at org.springframework.security.web.ObservationFilterChainDecorator$VirtualFilterChain.doFilter(ObservationFilterChainDecorator.java:137) ~[spring-security-web-6.4.4.jar:6.4.4]
	at com.starter.backend.security.JwtAuthFilter.doFilterInternal(JwtAuthFilter.java:54) ~[classes/:na]
	at org.springframework.web.filter.OncePerRequestFilter.doFilter(OncePerRequestFilter.java:116) ~[spring-web-6.2.5.jar:6.2.5]
	at org.springframework.security.web.ObservationFilterChainDecorator$ObservationFilter.wrapFilter(ObservationFilterChainDecorator.java:240) ~[spring-security-web-6.4.4.jar:6.4.4]
	at org.springframework.security.web.ObservationFilterChainDecorator$ObservationFilter.doFilter(ObservationFilterChainDecorator.java:227) ~[spring-security-web-6.4.4.jar:6.4.4]
	at org.springframework.security.web.ObservationFilterChainDecorator$VirtualFilterChain.doFilter(ObservationFilterChainDecorator.java:137) ~[spring-security-web-6.4.4.jar:6.4.4]
	at org.springframework.security.web.authentication.logout.LogoutFilter.doFilter(LogoutFilter.java:107) ~[spring-security-web-6.4.4.jar:6.4.4]
	at org.springframework.security.web.authentication.logout.LogoutFilter.doFilter(LogoutFilter.java:93) ~[spring-security-web-6.4.4.jar:6.4.4]
	at org.springframework.security.web.ObservationFilterChainDecorator$ObservationFilter.wrapFilter(ObservationFilterChainDecorator.java:240) ~[spring-security-web-6.4.4.jar:6.4.4]
	at org.springframework.security.web.ObservationFilterChainDecorator$ObservationFilter.doFilter(ObservationFilterChainDecorator.java:227) ~[spring-security-web-6.4.4.jar:6.4.4]
	at org.springframework.security.web.ObservationFilterChainDecorator$VirtualFilterChain.doFilter(ObservationFilterChainDecorator.java:137) ~[spring-security-web-6.4.4.jar:6.4.4]
	at org.springframework.web.filter.CorsFilter.doFilterInternal(CorsFilter.java:91) ~[spring-web-6.2.5.jar:6.2.5]
	at org.springframework.web.filter.OncePerRequestFilter.doFilter(OncePerRequestFilter.java:116) ~[spring-web-6.2.5.jar:6.2.5]
	at org.springframework.security.web.ObservationFilterChainDecorator$ObservationFilter.wrapFilter(ObservationFilterChainDecorator.java:240) ~[spring-security-web-6.4.4.jar:6.4.4]
	at org.springframework.security.web.ObservationFilterChainDecorator$ObservationFilter.doFilter(ObservationFilterChainDecorator.java:227) ~[spring-security-web-6.4.4.jar:6.4.4]
	at org.springframework.security.web.ObservationFilterChainDecorator$VirtualFilterChain.doFilter(ObservationFilterChainDecorator.java:137) ~[spring-security-web-6.4.4.jar:6.4.4]
	at org.springframework.security.web.header.HeaderWriterFilter.doHeadersAfter(HeaderWriterFilter.java:90) ~[spring-security-web-6.4.4.jar:6.4.4]
	at org.springframework.security.web.header.HeaderWriterFilter.doFilterInternal(HeaderWriterFilter.java:75) ~[spring-security-web-6.4.4.jar:6.4.4]
	at org.springframework.web.filter.OncePerRequestFilter.doFilter(OncePerRequestFilter.java:116) ~[spring-web-6.2.5.jar:6.2.5]
	at org.springframework.security.web.ObservationFilterChainDecorator$ObservationFilter.wrapFilter(ObservationFilterChainDecorator.java:240) ~[spring-security-web-6.4.4.jar:6.4.4]
	at org.springframework.security.web.ObservationFilterChainDecorator$ObservationFilter.doFilter(ObservationFilterChainDecorator.java:227) ~[spring-security-web-6.4.4.jar:6.4.4]
	at org.springframework.security.web.ObservationFilterChainDecorator$VirtualFilterChain.doFilter(ObservationFilterChainDecorator.java:137) ~[spring-security-web-6.4.4.jar:6.4.4]
	at org.springframework.security.web.context.SecurityContextHolderFilter.doFilter(SecurityContextHolderFilter.java:82) ~[spring-security-web-6.4.4.jar:6.4.4]
	at org.springframework.security.web.context.SecurityContextHolderFilter.doFilter(SecurityContextHolderFilter.java:69) ~[spring-security-web-6.4.4.jar:6.4.4]
	at org.springframework.security.web.ObservationFilterChainDecorator$ObservationFilter.wrapFilter(ObservationFilterChainDecorator.java:240) ~[spring-security-web-6.4.4.jar:6.4.4]
	at org.springframework.security.web.ObservationFilterChainDecorator$ObservationFilter.doFilter(ObservationFilterChainDecorator.java:227) ~[spring-security-web-6.4.4.jar:6.4.4]
	at org.springframework.security.web.ObservationFilterChainDecorator$VirtualFilterChain.doFilter(ObservationFilterChainDecorator.java:137) ~[spring-security-web-6.4.4.jar:6.4.4]
	at org.springframework.security.web.context.request.async.WebAsyncManagerIntegrationFilter.doFilterInternal(WebAsyncManagerIntegrationFilter.java:62) ~[spring-security-web-6.4.4.jar:6.4.4]
	at org.springframework.web.filter.OncePerRequestFilter.doFilter(OncePerRequestFilter.java:116) ~[spring-web-6.2.5.jar:6.2.5]
	at org.springframework.security.web.ObservationFilterChainDecorator$ObservationFilter.wrapFilter(ObservationFilterChainDecorator.java:240) ~[spring-security-web-6.4.4.jar:6.4.4]
	at org.springframework.security.web.ObservationFilterChainDecorator$ObservationFilter.doFilter(ObservationFilterChainDecorator.java:227) ~[spring-security-web-6.4.4.jar:6.4.4]
	at org.springframework.security.web.ObservationFilterChainDecorator$VirtualFilterChain.doFilter(ObservationFilterChainDecorator.java:137) ~[spring-security-web-6.4.4.jar:6.4.4]
	at org.springframework.security.web.session.DisableEncodeUrlFilter.doFilterInternal(DisableEncodeUrlFilter.java:42) ~[spring-security-web-6.4.4.jar:6.4.4]
	at org.springframework.web.filter.OncePerRequestFilter.doFilter(OncePerRequestFilter.java:116) ~[spring-web-6.2.5.jar:6.2.5]
	at org.springframework.security.web.ObservationFilterChainDecorator$ObservationFilter.wrapFilter(ObservationFilterChainDecorator.java:240) ~[spring-security-web-6.4.4.jar:6.4.4]
	at org.springframework.security.web.ObservationFilterChainDecorator$AroundFilterObservation$SimpleAroundFilterObservation.lambda$wrap$0(ObservationFilterChainDecorator.java:323) ~[spring-security-web-6.4.4.jar:6.4.4]
	at org.springframework.security.web.ObservationFilterChainDecorator$ObservationFilter.doFilter(ObservationFilterChainDecorator.java:224) ~[spring-security-web-6.4.4.jar:6.4.4]
	at org.springframework.security.web.ObservationFilterChainDecorator$VirtualFilterChain.doFilter(ObservationFilterChainDecorator.java:137) ~[spring-security-web-6.4.4.jar:6.4.4]
	at org.springframework.security.web.FilterChainProxy.doFilterInternal(FilterChainProxy.java:233) ~[spring-security-web-6.4.4.jar:6.4.4]
	at org.springframework.security.web.FilterChainProxy.doFilter(FilterChainProxy.java:191) ~[spring-security-web-6.4.4.jar:6.4.4]
	at org.springframework.web.filter.CompositeFilter$VirtualFilterChain.doFilter(CompositeFilter.java:113) ~[spring-web-6.2.5.jar:6.2.5]
	at org.springframework.web.servlet.handler.HandlerMappingIntrospector.lambda$createCacheFilter$3(HandlerMappingIntrospector.java:243) ~[spring-webmvc-6.2.5.jar:6.2.5]
	at org.springframework.web.filter.CompositeFilter$VirtualFilterChain.doFilter(CompositeFilter.java:113) ~[spring-web-6.2.5.jar:6.2.5]
	at org.springframework.web.filter.CompositeFilter.doFilter(CompositeFilter.java:74) ~[spring-web-6.2.5.jar:6.2.5]
	at org.springframework.security.config.annotation.web.configuration.WebMvcSecurityConfiguration$CompositeFilterChainProxy.doFilter(WebMvcSecurityConfiguration.java:238) ~[spring-security-config-6.4.4.jar:6.4.4]
	at org.springframework.web.filter.DelegatingFilterProxy.invokeDelegate(DelegatingFilterProxy.java:362) ~[spring-web-6.2.5.jar:6.2.5]
	at org.springframework.web.filter.DelegatingFilterProxy.doFilter(DelegatingFilterProxy.java:278) ~[spring-web-6.2.5.jar:6.2.5]
	at org.apache.catalina.core.ApplicationFilterChain.internalDoFilter(ApplicationFilterChain.java:164) ~[tomcat-embed-core-10.1.36.jar:10.1.36]
	at org.apache.catalina.core.ApplicationFilterChain.doFilter(ApplicationFilterChain.java:140) ~[tomcat-embed-core-10.1.36.jar:10.1.36]
	at org.springframework.web.filter.RequestContextFilter.doFilterInternal(RequestContextFilter.java:100) ~[spring-web-6.2.5.jar:6.2.5]
	at org.springframework.web.filter.OncePerRequestFilter.doFilter(OncePerRequestFilter.java:116) ~[spring-web-6.2.5.jar:6.2.5]
	at org.apache.catalina.core.ApplicationFilterChain.internalDoFilter(ApplicationFilterChain.java:164) ~[tomcat-embed-core-10.1.36.jar:10.1.36]
	at org.apache.catalina.core.ApplicationFilterChain.doFilter(ApplicationFilterChain.java:140) ~[tomcat-embed-core-10.1.36.jar:10.1.36]
	at org.springframework.web.filter.FormContentFilter.doFilterInternal(FormContentFilter.java:93) ~[spring-web-6.2.5.jar:6.2.5]
	at org.springframework.web.filter.OncePerRequestFilter.doFilter(OncePerRequestFilter.java:116) ~[spring-web-6.2.5.jar:6.2.5]
	at org.apache.catalina.core.ApplicationFilterChain.internalDoFilter(ApplicationFilterChain.java:164) ~[tomcat-embed-core-10.1.36.jar:10.1.36]
	at org.apache.catalina.core.ApplicationFilterChain.doFilter(ApplicationFilterChain.java:140) ~[tomcat-embed-core-10.1.36.jar:10.1.36]
	at org.springframework.web.filter.ServerHttpObservationFilter.doFilterInternal(ServerHttpObservationFilter.java:114) ~[spring-web-6.2.5.jar:6.2.5]
	at org.springframework.web.filter.OncePerRequestFilter.doFilter(OncePerRequestFilter.java:116) ~[spring-web-6.2.5.jar:6.2.5]
	at org.apache.catalina.core.ApplicationFilterChain.internalDoFilter(ApplicationFilterChain.java:164) ~[tomcat-embed-core-10.1.36.jar:10.1.36]
	at org.apache.catalina.core.ApplicationFilterChain.doFilter(ApplicationFilterChain.java:140) ~[tomcat-embed-core-10.1.36.jar:10.1.36]
	at org.springframework.web.filter.CharacterEncodingFilter.doFilterInternal(CharacterEncodingFilter.java:201) ~[spring-web-6.2.5.jar:6.2.5]
	at org.springframework.web.filter.OncePerRequestFilter.doFilter(OncePerRequestFilter.java:116) ~[spring-web-6.2.5.jar:6.2.5]
	at org.apache.catalina.core.ApplicationFilterChain.internalDoFilter(ApplicationFilterChain.java:164) ~[tomcat-embed-core-10.1.36.jar:10.1.36]
	at org.apache.catalina.core.ApplicationFilterChain.doFilter(ApplicationFilterChain.java:140) ~[tomcat-embed-core-10.1.36.jar:10.1.36]
	at org.apache.catalina.core.StandardWrapperValve.invoke(StandardWrapperValve.java:167) ~[tomcat-embed-core-10.1.36.jar:10.1.36]
	at org.apache.catalina.core.StandardContextValve.invoke(StandardContextValve.java:90) ~[tomcat-embed-core-10.1.36.jar:10.1.36]
	at org.apache.catalina.authenticator.AuthenticatorBase.invoke(AuthenticatorBase.java:483) ~[tomcat-embed-core-10.1.36.jar:10.1.36]
	at org.apache.catalina.core.StandardHostValve.invoke(StandardHostValve.java:115) ~[tomcat-embed-core-10.1.36.jar:10.1.36]
	at org.apache.catalina.valves.ErrorReportValve.invoke(ErrorReportValve.java:93) ~[tomcat-embed-core-10.1.36.jar:10.1.36]
	at org.apache.catalina.core.StandardEngineValve.invoke(StandardEngineValve.java:74) ~[tomcat-embed-core-10.1.36.jar:10.1.36]
	at org.apache.catalina.connector.CoyoteAdapter.service(CoyoteAdapter.java:344) ~[tomcat-embed-core-10.1.36.jar:10.1.36]
	at org.apache.coyote.http11.Http11Processor.service(Http11Processor.java:397) ~[tomcat-embed-core-10.1.36.jar:10.1.36]
	at org.apache.coyote.AbstractProcessorLight.process(AbstractProcessorLight.java:63) ~[tomcat-embed-core-10.1.36.jar:10.1.36]
	at org.apache.coyote.AbstractProtocol$ConnectionHandler.process(AbstractProtocol.java:905) ~[tomcat-embed-core-10.1.36.jar:10.1.36]
	at org.apache.tomcat.util.net.NioEndpoint$SocketProcessor.doRun(NioEndpoint.java:1743) ~[tomcat-embed-core-10.1.36.jar:10.1.36]
	at org.apache.tomcat.util.net.SocketProcessorBase.run(SocketProcessorBase.java:52) ~[tomcat-embed-core-10.1.36.jar:10.1.36]
	at org.apache.tomcat.util.threads.ThreadPoolExecutor.runWorker(ThreadPoolExecutor.java:1190) ~[tomcat-embed-core-10.1.36.jar:10.1.36]
	at org.apache.tomcat.util.threads.ThreadPoolExecutor$Worker.run(ThreadPoolExecutor.java:659) ~[tomcat-embed-core-10.1.36.jar:10.1.36]
	at org.apache.tomcat.util.threads.TaskThread$WrappingRunnable.run(TaskThread.java:63) ~[tomcat-embed-core-10.1.36.jar:10.1.36]
	at java.base/java.lang.Thread.run(Thread.java:1583) ~[na:na]

2025-06-02T09:14:19.542+02:00 ERROR 22157 --- [backend] [http-nio-8081-exec-2] c.s.backend.security.JwtAuthEntryPoint   : responding with unauthorized error.message - Full authentication is required to access this resource
2025-06-02T09:15:03.694+02:00  INFO 22157 --- [backend] [http-nio-8081-exec-4] c.starter.backend.aspects.LoggingAspect  : Entering method: ResponseEntity com.starter.backend.controllers.AuthController.signup(SignupDto) with arguements : [com.starter.backend.dtos.SignupDto@57ee7f37]
2025-06-02T09:15:03.905+02:00  INFO 22157 --- [backend] [http-nio-8081-exec-4] c.starter.backend.aspects.LoggingAspect  : Exiting method: ResponseEntity com.starter.backend.controllers.AuthController.signup(SignupDto) with error : User Role not set
2025-06-02T09:15:03.914+02:00 ERROR 22157 --- [backend] [http-nio-8081-exec-4] o.a.c.c.C.[.[.[/].[dispatcherServlet]    : Servlet.service() for servlet [dispatcherServlet] in context with path [] threw exception [Request processing failed: com.starter.backend.exceptions.ApiRequestException: User Role not set] with root cause

com.starter.backend.exceptions.ApiRequestException: User Role not set
	at com.starter.backend.controllers.AuthController.lambda$0(AuthController.java:72) ~[classes/:na]
	at java.base/java.util.Optional.orElseThrow(Optional.java:403) ~[na:na]
	at com.starter.backend.controllers.AuthController.signup(AuthController.java:72) ~[classes/:na]
	at java.base/jdk.internal.reflect.DirectMethodHandleAccessor.invoke(DirectMethodHandleAccessor.java:103) ~[na:na]
	at java.base/java.lang.reflect.Method.invoke(Method.java:580) ~[na:na]
	at org.springframework.aop.support.AopUtils.invokeJoinpointUsingReflection(AopUtils.java:359) ~[spring-aop-6.2.5.jar:6.2.5]
	at org.springframework.aop.framework.ReflectiveMethodInvocation.invokeJoinpoint(ReflectiveMethodInvocation.java:196) ~[spring-aop-6.2.5.jar:6.2.5]
	at org.springframework.aop.framework.ReflectiveMethodInvocation.proceed(ReflectiveMethodInvocation.java:163) ~[spring-aop-6.2.5.jar:6.2.5]
	at org.springframework.aop.aspectj.AspectJAfterThrowingAdvice.invoke(AspectJAfterThrowingAdvice.java:64) ~[spring-aop-6.2.5.jar:6.2.5]
	at org.springframework.aop.framework.ReflectiveMethodInvocation.proceed(ReflectiveMethodInvocation.java:184) ~[spring-aop-6.2.5.jar:6.2.5]
	at org.springframework.aop.framework.adapter.AfterReturningAdviceInterceptor.invoke(AfterReturningAdviceInterceptor.java:57) ~[spring-aop-6.2.5.jar:6.2.5]
	at org.springframework.aop.framework.ReflectiveMethodInvocation.proceed(ReflectiveMethodInvocation.java:184) ~[spring-aop-6.2.5.jar:6.2.5]
	at org.springframework.aop.framework.adapter.MethodBeforeAdviceInterceptor.invoke(MethodBeforeAdviceInterceptor.java:58) ~[spring-aop-6.2.5.jar:6.2.5]
	at org.springframework.aop.framework.ReflectiveMethodInvocation.proceed(ReflectiveMethodInvocation.java:184) ~[spring-aop-6.2.5.jar:6.2.5]
	at org.springframework.aop.interceptor.ExposeInvocationInterceptor.invoke(ExposeInvocationInterceptor.java:97) ~[spring-aop-6.2.5.jar:6.2.5]
	at org.springframework.aop.framework.ReflectiveMethodInvocation.proceed(ReflectiveMethodInvocation.java:184) ~[spring-aop-6.2.5.jar:6.2.5]
	at org.springframework.aop.framework.CglibAopProxy$DynamicAdvisedInterceptor.intercept(CglibAopProxy.java:727) ~[spring-aop-6.2.5.jar:6.2.5]
	at com.starter.backend.controllers.AuthController$$SpringCGLIB$$0.signup(<generated>) ~[classes/:na]
	at java.base/jdk.internal.reflect.DirectMethodHandleAccessor.invoke(DirectMethodHandleAccessor.java:103) ~[na:na]
	at java.base/java.lang.reflect.Method.invoke(Method.java:580) ~[na:na]
	at org.springframework.web.method.support.InvocableHandlerMethod.doInvoke(InvocableHandlerMethod.java:258) ~[spring-web-6.2.5.jar:6.2.5]
	at org.springframework.web.method.support.InvocableHandlerMethod.invokeForRequest(InvocableHandlerMethod.java:191) ~[spring-web-6.2.5.jar:6.2.5]
	at org.springframework.web.servlet.mvc.method.annotation.ServletInvocableHandlerMethod.invokeAndHandle(ServletInvocableHandlerMethod.java:118) ~[spring-webmvc-6.2.5.jar:6.2.5]
	at org.springframework.web.servlet.mvc.method.annotation.RequestMappingHandlerAdapter.invokeHandlerMethod(RequestMappingHandlerAdapter.java:986) ~[spring-webmvc-6.2.5.jar:6.2.5]
	at org.springframework.web.servlet.mvc.method.annotation.RequestMappingHandlerAdapter.handleInternal(RequestMappingHandlerAdapter.java:891) ~[spring-webmvc-6.2.5.jar:6.2.5]
	at org.springframework.web.servlet.mvc.method.AbstractHandlerMethodAdapter.handle(AbstractHandlerMethodAdapter.java:87) ~[spring-webmvc-6.2.5.jar:6.2.5]
	at org.springframework.web.servlet.DispatcherServlet.doDispatch(DispatcherServlet.java:1089) ~[spring-webmvc-6.2.5.jar:6.2.5]
	at org.springframework.web.servlet.DispatcherServlet.doService(DispatcherServlet.java:979) ~[spring-webmvc-6.2.5.jar:6.2.5]
	at org.springframework.web.servlet.FrameworkServlet.processRequest(FrameworkServlet.java:1014) ~[spring-webmvc-6.2.5.jar:6.2.5]
	at org.springframework.web.servlet.FrameworkServlet.doPost(FrameworkServlet.java:914) ~[spring-webmvc-6.2.5.jar:6.2.5]
	at jakarta.servlet.http.HttpServlet.service(HttpServlet.java:590) ~[tomcat-embed-core-10.1.36.jar:6.0]
	at org.springframework.web.servlet.FrameworkServlet.service(FrameworkServlet.java:885) ~[spring-webmvc-6.2.5.jar:6.2.5]
	at jakarta.servlet.http.HttpServlet.service(HttpServlet.java:658) ~[tomcat-embed-core-10.1.36.jar:6.0]
	at org.apache.catalina.core.ApplicationFilterChain.internalDoFilter(ApplicationFilterChain.java:195) ~[tomcat-embed-core-10.1.36.jar:10.1.36]
	at org.apache.catalina.core.ApplicationFilterChain.doFilter(ApplicationFilterChain.java:140) ~[tomcat-embed-core-10.1.36.jar:10.1.36]
	at org.apache.tomcat.websocket.server.WsFilter.doFilter(WsFilter.java:51) ~[tomcat-embed-websocket-10.1.36.jar:10.1.36]
	at org.apache.catalina.core.ApplicationFilterChain.internalDoFilter(ApplicationFilterChain.java:164) ~[tomcat-embed-core-10.1.36.jar:10.1.36]
	at org.apache.catalina.core.ApplicationFilterChain.doFilter(ApplicationFilterChain.java:140) ~[tomcat-embed-core-10.1.36.jar:10.1.36]
	at org.springframework.web.filter.OncePerRequestFilter.doFilter(OncePerRequestFilter.java:110) ~[spring-web-6.2.5.jar:6.2.5]
	at org.apache.catalina.core.ApplicationFilterChain.internalDoFilter(ApplicationFilterChain.java:164) ~[tomcat-embed-core-10.1.36.jar:10.1.36]
	at org.apache.catalina.core.ApplicationFilterChain.doFilter(ApplicationFilterChain.java:140) ~[tomcat-embed-core-10.1.36.jar:10.1.36]
	at com.starter.backend.security.JwtAuthFilter.doFilterInternal(JwtAuthFilter.java:54) ~[classes/:na]
	at org.springframework.web.filter.OncePerRequestFilter.doFilter(OncePerRequestFilter.java:116) ~[spring-web-6.2.5.jar:6.2.5]
	at org.apache.catalina.core.ApplicationFilterChain.internalDoFilter(ApplicationFilterChain.java:164) ~[tomcat-embed-core-10.1.36.jar:10.1.36]
	at org.apache.catalina.core.ApplicationFilterChain.doFilter(ApplicationFilterChain.java:140) ~[tomcat-embed-core-10.1.36.jar:10.1.36]
	at org.springframework.web.filter.CompositeFilter$VirtualFilterChain.doFilter(CompositeFilter.java:108) ~[spring-web-6.2.5.jar:6.2.5]
	at org.springframework.security.web.FilterChainProxy.lambda$doFilterInternal$3(FilterChainProxy.java:231) ~[spring-security-web-6.4.4.jar:6.4.4]
	at org.springframework.security.web.ObservationFilterChainDecorator$FilterObservation$SimpleFilterObservation.lambda$wrap$1(ObservationFilterChainDecorator.java:479) ~[spring-security-web-6.4.4.jar:6.4.4]
	at org.springframework.security.web.ObservationFilterChainDecorator$AroundFilterObservation$SimpleAroundFilterObservation.lambda$wrap$1(ObservationFilterChainDecorator.java:340) ~[spring-security-web-6.4.4.jar:6.4.4]
	at org.springframework.security.web.ObservationFilterChainDecorator.lambda$wrapSecured$0(ObservationFilterChainDecorator.java:82) ~[spring-security-web-6.4.4.jar:6.4.4]
	at org.springframework.security.web.ObservationFilterChainDecorator$VirtualFilterChain.doFilter(ObservationFilterChainDecorator.java:128) ~[spring-security-web-6.4.4.jar:6.4.4]
	at org.springframework.security.web.access.intercept.AuthorizationFilter.doFilter(AuthorizationFilter.java:101) ~[spring-security-web-6.4.4.jar:6.4.4]
	at org.springframework.security.web.ObservationFilterChainDecorator$ObservationFilter.wrapFilter(ObservationFilterChainDecorator.java:240) ~[spring-security-web-6.4.4.jar:6.4.4]
	at org.springframework.security.web.ObservationFilterChainDecorator$ObservationFilter.doFilter(ObservationFilterChainDecorator.java:227) ~[spring-security-web-6.4.4.jar:6.4.4]
	at org.springframework.security.web.ObservationFilterChainDecorator$VirtualFilterChain.doFilter(ObservationFilterChainDecorator.java:137) ~[spring-security-web-6.4.4.jar:6.4.4]
	at org.springframework.security.web.access.ExceptionTranslationFilter.doFilter(ExceptionTranslationFilter.java:126) ~[spring-security-web-6.4.4.jar:6.4.4]
	at org.springframework.security.web.access.ExceptionTranslationFilter.doFilter(ExceptionTranslationFilter.java:120) ~[spring-security-web-6.4.4.jar:6.4.4]
	at org.springframework.security.web.ObservationFilterChainDecorator$ObservationFilter.wrapFilter(ObservationFilterChainDecorator.java:240) ~[spring-security-web-6.4.4.jar:6.4.4]
	at org.springframework.security.web.ObservationFilterChainDecorator$ObservationFilter.doFilter(ObservationFilterChainDecorator.java:227) ~[spring-security-web-6.4.4.jar:6.4.4]
	at org.springframework.security.web.ObservationFilterChainDecorator$VirtualFilterChain.doFilter(ObservationFilterChainDecorator.java:137) ~[spring-security-web-6.4.4.jar:6.4.4]
	at org.springframework.security.web.session.SessionManagementFilter.doFilter(SessionManagementFilter.java:131) ~[spring-security-web-6.4.4.jar:6.4.4]
	at org.springframework.security.web.session.SessionManagementFilter.doFilter(SessionManagementFilter.java:85) ~[spring-security-web-6.4.4.jar:6.4.4]
	at org.springframework.security.web.ObservationFilterChainDecorator$ObservationFilter.wrapFilter(ObservationFilterChainDecorator.java:240) ~[spring-security-web-6.4.4.jar:6.4.4]
	at org.springframework.security.web.ObservationFilterChainDecorator$ObservationFilter.doFilter(ObservationFilterChainDecorator.java:227) ~[spring-security-web-6.4.4.jar:6.4.4]
	at org.springframework.security.web.ObservationFilterChainDecorator$VirtualFilterChain.doFilter(ObservationFilterChainDecorator.java:137) ~[spring-security-web-6.4.4.jar:6.4.4]
	at org.springframework.security.web.authentication.AnonymousAuthenticationFilter.doFilter(AnonymousAuthenticationFilter.java:100) ~[spring-security-web-6.4.4.jar:6.4.4]
	at org.springframework.security.web.ObservationFilterChainDecorator$ObservationFilter.wrapFilter(ObservationFilterChainDecorator.java:240) ~[spring-security-web-6.4.4.jar:6.4.4]
	at org.springframework.security.web.ObservationFilterChainDecorator$ObservationFilter.doFilter(ObservationFilterChainDecorator.java:227) ~[spring-security-web-6.4.4.jar:6.4.4]
	at org.springframework.security.web.ObservationFilterChainDecorator$VirtualFilterChain.doFilter(ObservationFilterChainDecorator.java:137) ~[spring-security-web-6.4.4.jar:6.4.4]
	at org.springframework.security.web.servletapi.SecurityContextHolderAwareRequestFilter.doFilter(SecurityContextHolderAwareRequestFilter.java:179) ~[spring-security-web-6.4.4.jar:6.4.4]
	at org.springframework.security.web.ObservationFilterChainDecorator$ObservationFilter.wrapFilter(ObservationFilterChainDecorator.java:240) ~[spring-security-web-6.4.4.jar:6.4.4]
	at org.springframework.security.web.ObservationFilterChainDecorator$ObservationFilter.doFilter(ObservationFilterChainDecorator.java:227) ~[spring-security-web-6.4.4.jar:6.4.4]
	at org.springframework.security.web.ObservationFilterChainDecorator$VirtualFilterChain.doFilter(ObservationFilterChainDecorator.java:137) ~[spring-security-web-6.4.4.jar:6.4.4]
	at org.springframework.security.web.savedrequest.RequestCacheAwareFilter.doFilter(RequestCacheAwareFilter.java:63) ~[spring-security-web-6.4.4.jar:6.4.4]
	at org.springframework.security.web.ObservationFilterChainDecorator$ObservationFilter.wrapFilter(ObservationFilterChainDecorator.java:240) ~[spring-security-web-6.4.4.jar:6.4.4]
	at org.springframework.security.web.ObservationFilterChainDecorator$ObservationFilter.doFilter(ObservationFilterChainDecorator.java:227) ~[spring-security-web-6.4.4.jar:6.4.4]
	at org.springframework.security.web.ObservationFilterChainDecorator$VirtualFilterChain.doFilter(ObservationFilterChainDecorator.java:137) ~[spring-security-web-6.4.4.jar:6.4.4]
	at com.starter.backend.security.JwtAuthFilter.doFilterInternal(JwtAuthFilter.java:54) ~[classes/:na]
	at org.springframework.web.filter.OncePerRequestFilter.doFilter(OncePerRequestFilter.java:116) ~[spring-web-6.2.5.jar:6.2.5]
	at org.springframework.security.web.ObservationFilterChainDecorator$ObservationFilter.wrapFilter(ObservationFilterChainDecorator.java:240) ~[spring-security-web-6.4.4.jar:6.4.4]
	at org.springframework.security.web.ObservationFilterChainDecorator$ObservationFilter.doFilter(ObservationFilterChainDecorator.java:227) ~[spring-security-web-6.4.4.jar:6.4.4]
	at org.springframework.security.web.ObservationFilterChainDecorator$VirtualFilterChain.doFilter(ObservationFilterChainDecorator.java:137) ~[spring-security-web-6.4.4.jar:6.4.4]
	at org.springframework.security.web.authentication.logout.LogoutFilter.doFilter(LogoutFilter.java:107) ~[spring-security-web-6.4.4.jar:6.4.4]
	at org.springframework.security.web.authentication.logout.LogoutFilter.doFilter(LogoutFilter.java:93) ~[spring-security-web-6.4.4.jar:6.4.4]
	at org.springframework.security.web.ObservationFilterChainDecorator$ObservationFilter.wrapFilter(ObservationFilterChainDecorator.java:240) ~[spring-security-web-6.4.4.jar:6.4.4]
	at org.springframework.security.web.ObservationFilterChainDecorator$ObservationFilter.doFilter(ObservationFilterChainDecorator.java:227) ~[spring-security-web-6.4.4.jar:6.4.4]
	at org.springframework.security.web.ObservationFilterChainDecorator$VirtualFilterChain.doFilter(ObservationFilterChainDecorator.java:137) ~[spring-security-web-6.4.4.jar:6.4.4]
	at org.springframework.web.filter.CorsFilter.doFilterInternal(CorsFilter.java:91) ~[spring-web-6.2.5.jar:6.2.5]
	at org.springframework.web.filter.OncePerRequestFilter.doFilter(OncePerRequestFilter.java:116) ~[spring-web-6.2.5.jar:6.2.5]
	at org.springframework.security.web.ObservationFilterChainDecorator$ObservationFilter.wrapFilter(ObservationFilterChainDecorator.java:240) ~[spring-security-web-6.4.4.jar:6.4.4]
	at org.springframework.security.web.ObservationFilterChainDecorator$ObservationFilter.doFilter(ObservationFilterChainDecorator.java:227) ~[spring-security-web-6.4.4.jar:6.4.4]
	at org.springframework.security.web.ObservationFilterChainDecorator$VirtualFilterChain.doFilter(ObservationFilterChainDecorator.java:137) ~[spring-security-web-6.4.4.jar:6.4.4]
	at org.springframework.security.web.header.HeaderWriterFilter.doHeadersAfter(HeaderWriterFilter.java:90) ~[spring-security-web-6.4.4.jar:6.4.4]
	at org.springframework.security.web.header.HeaderWriterFilter.doFilterInternal(HeaderWriterFilter.java:75) ~[spring-security-web-6.4.4.jar:6.4.4]
	at org.springframework.web.filter.OncePerRequestFilter.doFilter(OncePerRequestFilter.java:116) ~[spring-web-6.2.5.jar:6.2.5]
	at org.springframework.security.web.ObservationFilterChainDecorator$ObservationFilter.wrapFilter(ObservationFilterChainDecorator.java:240) ~[spring-security-web-6.4.4.jar:6.4.4]
	at org.springframework.security.web.ObservationFilterChainDecorator$ObservationFilter.doFilter(ObservationFilterChainDecorator.java:227) ~[spring-security-web-6.4.4.jar:6.4.4]
	at org.springframework.security.web.ObservationFilterChainDecorator$VirtualFilterChain.doFilter(ObservationFilterChainDecorator.java:137) ~[spring-security-web-6.4.4.jar:6.4.4]
	at org.springframework.security.web.context.SecurityContextHolderFilter.doFilter(SecurityContextHolderFilter.java:82) ~[spring-security-web-6.4.4.jar:6.4.4]
	at org.springframework.security.web.context.SecurityContextHolderFilter.doFilter(SecurityContextHolderFilter.java:69) ~[spring-security-web-6.4.4.jar:6.4.4]
	at org.springframework.security.web.ObservationFilterChainDecorator$ObservationFilter.wrapFilter(ObservationFilterChainDecorator.java:240) ~[spring-security-web-6.4.4.jar:6.4.4]
	at org.springframework.security.web.ObservationFilterChainDecorator$ObservationFilter.doFilter(ObservationFilterChainDecorator.java:227) ~[spring-security-web-6.4.4.jar:6.4.4]
	at org.springframework.security.web.ObservationFilterChainDecorator$VirtualFilterChain.doFilter(ObservationFilterChainDecorator.java:137) ~[spring-security-web-6.4.4.jar:6.4.4]
	at org.springframework.security.web.context.request.async.WebAsyncManagerIntegrationFilter.doFilterInternal(WebAsyncManagerIntegrationFilter.java:62) ~[spring-security-web-6.4.4.jar:6.4.4]
	at org.springframework.web.filter.OncePerRequestFilter.doFilter(OncePerRequestFilter.java:116) ~[spring-web-6.2.5.jar:6.2.5]
	at org.springframework.security.web.ObservationFilterChainDecorator$ObservationFilter.wrapFilter(ObservationFilterChainDecorator.java:240) ~[spring-security-web-6.4.4.jar:6.4.4]
	at org.springframework.security.web.ObservationFilterChainDecorator$ObservationFilter.doFilter(ObservationFilterChainDecorator.java:227) ~[spring-security-web-6.4.4.jar:6.4.4]
	at org.springframework.security.web.ObservationFilterChainDecorator$VirtualFilterChain.doFilter(ObservationFilterChainDecorator.java:137) ~[spring-security-web-6.4.4.jar:6.4.4]
	at org.springframework.security.web.session.DisableEncodeUrlFilter.doFilterInternal(DisableEncodeUrlFilter.java:42) ~[spring-security-web-6.4.4.jar:6.4.4]
	at org.springframework.web.filter.OncePerRequestFilter.doFilter(OncePerRequestFilter.java:116) ~[spring-web-6.2.5.jar:6.2.5]
	at org.springframework.security.web.ObservationFilterChainDecorator$ObservationFilter.wrapFilter(ObservationFilterChainDecorator.java:240) ~[spring-security-web-6.4.4.jar:6.4.4]
	at org.springframework.security.web.ObservationFilterChainDecorator$AroundFilterObservation$SimpleAroundFilterObservation.lambda$wrap$0(ObservationFilterChainDecorator.java:323) ~[spring-security-web-6.4.4.jar:6.4.4]
	at org.springframework.security.web.ObservationFilterChainDecorator$ObservationFilter.doFilter(ObservationFilterChainDecorator.java:224) ~[spring-security-web-6.4.4.jar:6.4.4]
	at org.springframework.security.web.ObservationFilterChainDecorator$VirtualFilterChain.doFilter(ObservationFilterChainDecorator.java:137) ~[spring-security-web-6.4.4.jar:6.4.4]
	at org.springframework.security.web.FilterChainProxy.doFilterInternal(FilterChainProxy.java:233) ~[spring-security-web-6.4.4.jar:6.4.4]
	at org.springframework.security.web.FilterChainProxy.doFilter(FilterChainProxy.java:191) ~[spring-security-web-6.4.4.jar:6.4.4]
	at org.springframework.web.filter.CompositeFilter$VirtualFilterChain.doFilter(CompositeFilter.java:113) ~[spring-web-6.2.5.jar:6.2.5]
	at org.springframework.web.servlet.handler.HandlerMappingIntrospector.lambda$createCacheFilter$3(HandlerMappingIntrospector.java:243) ~[spring-webmvc-6.2.5.jar:6.2.5]
	at org.springframework.web.filter.CompositeFilter$VirtualFilterChain.doFilter(CompositeFilter.java:113) ~[spring-web-6.2.5.jar:6.2.5]
	at org.springframework.web.filter.CompositeFilter.doFilter(CompositeFilter.java:74) ~[spring-web-6.2.5.jar:6.2.5]
	at org.springframework.security.config.annotation.web.configuration.WebMvcSecurityConfiguration$CompositeFilterChainProxy.doFilter(WebMvcSecurityConfiguration.java:238) ~[spring-security-config-6.4.4.jar:6.4.4]
	at org.springframework.web.filter.DelegatingFilterProxy.invokeDelegate(DelegatingFilterProxy.java:362) ~[spring-web-6.2.5.jar:6.2.5]
	at org.springframework.web.filter.DelegatingFilterProxy.doFilter(DelegatingFilterProxy.java:278) ~[spring-web-6.2.5.jar:6.2.5]
	at org.apache.catalina.core.ApplicationFilterChain.internalDoFilter(ApplicationFilterChain.java:164) ~[tomcat-embed-core-10.1.36.jar:10.1.36]
	at org.apache.catalina.core.ApplicationFilterChain.doFilter(ApplicationFilterChain.java:140) ~[tomcat-embed-core-10.1.36.jar:10.1.36]
	at org.springframework.web.filter.RequestContextFilter.doFilterInternal(RequestContextFilter.java:100) ~[spring-web-6.2.5.jar:6.2.5]
	at org.springframework.web.filter.OncePerRequestFilter.doFilter(OncePerRequestFilter.java:116) ~[spring-web-6.2.5.jar:6.2.5]
	at org.apache.catalina.core.ApplicationFilterChain.internalDoFilter(ApplicationFilterChain.java:164) ~[tomcat-embed-core-10.1.36.jar:10.1.36]
	at org.apache.catalina.core.ApplicationFilterChain.doFilter(ApplicationFilterChain.java:140) ~[tomcat-embed-core-10.1.36.jar:10.1.36]
	at org.springframework.web.filter.FormContentFilter.doFilterInternal(FormContentFilter.java:93) ~[spring-web-6.2.5.jar:6.2.5]
	at org.springframework.web.filter.OncePerRequestFilter.doFilter(OncePerRequestFilter.java:116) ~[spring-web-6.2.5.jar:6.2.5]
	at org.apache.catalina.core.ApplicationFilterChain.internalDoFilter(ApplicationFilterChain.java:164) ~[tomcat-embed-core-10.1.36.jar:10.1.36]
	at org.apache.catalina.core.ApplicationFilterChain.doFilter(ApplicationFilterChain.java:140) ~[tomcat-embed-core-10.1.36.jar:10.1.36]
	at org.springframework.web.filter.ServerHttpObservationFilter.doFilterInternal(ServerHttpObservationFilter.java:114) ~[spring-web-6.2.5.jar:6.2.5]
	at org.springframework.web.filter.OncePerRequestFilter.doFilter(OncePerRequestFilter.java:116) ~[spring-web-6.2.5.jar:6.2.5]
	at org.apache.catalina.core.ApplicationFilterChain.internalDoFilter(ApplicationFilterChain.java:164) ~[tomcat-embed-core-10.1.36.jar:10.1.36]
	at org.apache.catalina.core.ApplicationFilterChain.doFilter(ApplicationFilterChain.java:140) ~[tomcat-embed-core-10.1.36.jar:10.1.36]
	at org.springframework.web.filter.CharacterEncodingFilter.doFilterInternal(CharacterEncodingFilter.java:201) ~[spring-web-6.2.5.jar:6.2.5]
	at org.springframework.web.filter.OncePerRequestFilter.doFilter(OncePerRequestFilter.java:116) ~[spring-web-6.2.5.jar:6.2.5]
	at org.apache.catalina.core.ApplicationFilterChain.internalDoFilter(ApplicationFilterChain.java:164) ~[tomcat-embed-core-10.1.36.jar:10.1.36]
	at org.apache.catalina.core.ApplicationFilterChain.doFilter(ApplicationFilterChain.java:140) ~[tomcat-embed-core-10.1.36.jar:10.1.36]
	at org.apache.catalina.core.StandardWrapperValve.invoke(StandardWrapperValve.java:167) ~[tomcat-embed-core-10.1.36.jar:10.1.36]
	at org.apache.catalina.core.StandardContextValve.invoke(StandardContextValve.java:90) ~[tomcat-embed-core-10.1.36.jar:10.1.36]
	at org.apache.catalina.authenticator.AuthenticatorBase.invoke(AuthenticatorBase.java:483) ~[tomcat-embed-core-10.1.36.jar:10.1.36]
	at org.apache.catalina.core.StandardHostValve.invoke(StandardHostValve.java:115) ~[tomcat-embed-core-10.1.36.jar:10.1.36]
	at org.apache.catalina.valves.ErrorReportValve.invoke(ErrorReportValve.java:93) ~[tomcat-embed-core-10.1.36.jar:10.1.36]
	at org.apache.catalina.core.StandardEngineValve.invoke(StandardEngineValve.java:74) ~[tomcat-embed-core-10.1.36.jar:10.1.36]
	at org.apache.catalina.connector.CoyoteAdapter.service(CoyoteAdapter.java:344) ~[tomcat-embed-core-10.1.36.jar:10.1.36]
	at org.apache.coyote.http11.Http11Processor.service(Http11Processor.java:397) ~[tomcat-embed-core-10.1.36.jar:10.1.36]
	at org.apache.coyote.AbstractProcessorLight.process(AbstractProcessorLight.java:63) ~[tomcat-embed-core-10.1.36.jar:10.1.36]
	at org.apache.coyote.AbstractProtocol$ConnectionHandler.process(AbstractProtocol.java:905) ~[tomcat-embed-core-10.1.36.jar:10.1.36]
	at org.apache.tomcat.util.net.NioEndpoint$SocketProcessor.doRun(NioEndpoint.java:1743) ~[tomcat-embed-core-10.1.36.jar:10.1.36]
	at org.apache.tomcat.util.net.SocketProcessorBase.run(SocketProcessorBase.java:52) ~[tomcat-embed-core-10.1.36.jar:10.1.36]
	at org.apache.tomcat.util.threads.ThreadPoolExecutor.runWorker(ThreadPoolExecutor.java:1190) ~[tomcat-embed-core-10.1.36.jar:10.1.36]
	at org.apache.tomcat.util.threads.ThreadPoolExecutor$Worker.run(ThreadPoolExecutor.java:659) ~[tomcat-embed-core-10.1.36.jar:10.1.36]
	at org.apache.tomcat.util.threads.TaskThread$WrappingRunnable.run(TaskThread.java:63) ~[tomcat-embed-core-10.1.36.jar:10.1.36]
	at java.base/java.lang.Thread.run(Thread.java:1583) ~[na:na]

2025-06-02T09:15:03.919+02:00 ERROR 22157 --- [backend] [http-nio-8081-exec-4] c.s.backend.security.JwtAuthEntryPoint   : responding with unauthorized error.message - Full authentication is required to access this resource
2025-06-02T09:20:53.680+02:00  WARN 22157 --- [backend] [http-nio-8081-exec-6] .w.s.m.s.DefaultHandlerExceptionResolver : Resolved [org.springframework.web.HttpRequestMethodNotSupportedException: Request method 'GET' is not supported]
2025-06-02T09:20:53.694+02:00 ERROR 22157 --- [backend] [http-nio-8081-exec-6] c.s.backend.security.JwtAuthEntryPoint   : responding with unauthorized error.message - Full authentication is required to access this resource
2025-06-02T09:20:54.241+02:00  WARN 22157 --- [backend] [http-nio-8081-exec-7] .w.s.m.s.DefaultHandlerExceptionResolver : Resolved [org.springframework.web.HttpRequestMethodNotSupportedException: Request method 'GET' is not supported]
2025-06-02T09:20:54.242+02:00 ERROR 22157 --- [backend] [http-nio-8081-exec-7] c.s.backend.security.JwtAuthEntryPoint   : responding with unauthorized error.message - Full authentication is required to access this resource
2025-06-02T09:20:54.512+02:00  WARN 22157 --- [backend] [http-nio-8081-exec-8] .w.s.m.s.DefaultHandlerExceptionResolver : Resolved [org.springframework.web.HttpRequestMethodNotSupportedException: Request method 'GET' is not supported]
2025-06-02T09:20:54.514+02:00 ERROR 22157 --- [backend] [http-nio-8081-exec-8] c.s.backend.security.JwtAuthEntryPoint   : responding with unauthorized error.message - Full authentication is required to access this resource
2025-06-02T09:36:25.130+02:00 ERROR 22157 --- [backend] [http-nio-8081-exec-3] c.s.backend.security.JwtAuthEntryPoint   : responding with unauthorized error.message - Full authentication is required to access this resource
2025-06-02T09:36:25.151+02:00 ERROR 22157 --- [backend] [http-nio-8081-exec-3] c.s.backend.security.JwtAuthEntryPoint   : responding with unauthorized error.message - Full authentication is required to access this resource
2025-06-02T09:41:01.603+02:00  INFO 22157 --- [backend] [MessageBroker-2] o.s.w.s.c.WebSocketMessageBrokerStats    : WebSocketSession[0 current WS(0)-HttpStream(0)-HttpPoll(0), 0 total, 0 closed abnormally (0 connect failure, 0 send limit, 0 transport error)], stompSubProtocol[processed CONNECT(0)-CONNECTED(0)-DISCONNECT(0)], stompBrokerRelay[null], inboundChannel[pool size = 0, active threads = 0, queued tasks = 0, completed tasks = 0], outboundChannel[pool size = 0, active threads = 0, queued tasks = 0, completed tasks = 0], sockJsScheduler[pool size = 3, active threads = 1, queued tasks = 1, completed tasks = 1]
2025-06-02T09:58:42.649+02:00  INFO 22157 --- [backend] [SpringApplicationShutdownHook] o.s.b.w.e.tomcat.GracefulShutdown        : Commencing graceful shutdown. Waiting for active requests to complete
2025-06-02T09:58:42.697+02:00  INFO 22157 --- [backend] [tomcat-shutdown] o.s.b.w.e.tomcat.GracefulShutdown        : Graceful shutdown complete
2025-06-02T09:58:42.733+02:00  INFO 22157 --- [backend] [SpringApplicationShutdownHook] o.s.m.s.b.SimpleBrokerMessageHandler     : Stopping...
2025-06-02T09:58:42.733+02:00  INFO 22157 --- [backend] [SpringApplicationShutdownHook] o.s.m.s.b.SimpleBrokerMessageHandler     : BrokerAvailabilityEvent[available=false, SimpleBrokerMessageHandler [org.springframework.messaging.simp.broker.DefaultSubscriptionRegistry@623655d4]]
2025-06-02T09:58:42.734+02:00  INFO 22157 --- [backend] [SpringApplicationShutdownHook] o.s.m.s.b.SimpleBrokerMessageHandler     : Stopped.
2025-06-02T09:58:42.784+02:00  INFO 22157 --- [backend] [SpringApplicationShutdownHook] j.LocalContainerEntityManagerFactoryBean : Closing JPA EntityManagerFactory for persistence unit 'default'
2025-06-02T09:58:42.827+02:00  INFO 22157 --- [backend] [SpringApplicationShutdownHook] com.zaxxer.hikari.HikariDataSource       : HikariPool-1 - Shutdown initiated...
2025-06-02T09:58:42.837+02:00  INFO 22157 --- [backend] [SpringApplicationShutdownHook] com.zaxxer.hikari.HikariDataSource       : HikariPool-1 - Shutdown completed.
